Fermeture,ordreVB,OT,CodeEx,Tatouage,HoroDate
A14&NEU-W,0,456127,IS128,L10.396C,2024-02-12 00:57:00
A14&NEU-W,1,456127,IS128,L10.396C,2024-04-02 23:06:00
A14&NEU-W,2,456127,IS128,L10.396C,2024-06-04 02:26:00
A14&NEU-W,3,456127,IS128,L10.396C,2024-07-23 01:39:00
A14&NEU-W,4,456127,IS128,L10.396C,2024-10-09 00:20:00
A14&NEU-W,5,456127,IS128,L10.396C,2024-11-28 02:25:00
A14&NEU-W,0,456128,IS129,L10.397D,2024-02-12 02:14:00
A14&NEU-W,1,456128,IS129,L10.397D,2024-04-03 00:19:00
A14&NEU-W,2,456128,IS129,L10.397D,2024-06-04 02:10:00
A14&NEU-W,3,456128,IS129,L10.397D,2024-07-22 23:49:00
A14&NEU-W,4,456128,IS129,L10.397D,2024-10-09 01:15:00
A14&NEU-W,5,456128,IS129,L10.397D,2024-11-28 02:22:00
A14&NEU-W,0,456129,IS130,L10.398E,2024-02-12 01:30:00
A14&NEU-W,1,456129,IS130,L10.398E,2024-04-02 23:19:00
A14&NEU-W,2,456129,IS130,L10.398E,2024-06-04 00:30:00
A14&NEU-W,3,456129,IS130,L10.398E,2024-07-23 02:33:00
A14&NEU-W,4,456129,IS130,L10.398E,2024-10-09 02:38:00
A14&NEU-W,5,456129,IS130,L10.398E,2024-11-28 02:15:00
A14&NEU-W,0,456130,IS131,L10.399F,2024-02-11 23:00:00
A14&NEU-W,1,456130,IS131,L10.399F,2024-04-03 02:13:00
A14&NEU-W,2,456130,IS131,L10.399F,2024-06-03 23:46:00
A14&NEU-W,3,456130,IS131,L10.399F,2024-07-23 01:03:00
A14&NEU-W,4,456130,IS131,L10.399F,2024-10-09 01:35:00
A14&NEU-W,5,456130,IS131,L10.399F,2024-11-28 00:35:00
A14&NEU-W,0,456131,IS132,L10.401H,2024-02-12 00:16:00
A14&NEU-W,1,456131,IS132,L10.401H,2024-04-03 01:18:00
A14&NEU-W,2,456131,IS132,L10.401H,2024-06-03 23:12:00
A14&NEU-W,3,456131,IS132,L10.401H,2024-07-23 02:14:00
A14&NEU-W,4,456131,IS132,L10.401H,2024-10-09 01:01:00
A14&NEU-W,5,456131,IS132,L10.401H,2024-11-28 02:18:00
A14&NEU-W,0,456132,IS133,L10.402J,2024-02-11 23:47:00
A14&NEU-W,1,456132,IS133,L10.402J,2024-04-03 02:13:00
A14&NEU-W,2,456132,IS133,L10.402J,2024-06-03 23:52:00
A14&NEU-W,3,456132,IS133,L10.402J,2024-07-23 02:56:00
A14&NEU-W,4,456132,IS133,L10.402J,2024-10-09 02:42:00
A14&NEU-W,5,456132,IS133,L10.402J,2024-11-28 00:04:00
A14&NEU-W,0,456133,IS134,L10.403K,2024-02-11 23:52:00
A14&NEU-W,1,456133,IS134,L10.403K,2024-04-03 00:35:00
A14&NEU-W,2,456133,IS134,L10.403K,2024-06-04 01:22:00
A14&NEU-W,3,456133,IS134,L10.403K,2024-07-23 02:39:00
A14&NEU-W,4,456133,IS134,L10.403K,2024-10-09 02:11:00
A14&NEU-W,5,456133,IS134,L10.403K,2024-11-28 01:50:00
A14&NEU-W,0,456134,IS135,L10.404L,2024-02-12 01:25:00
A14&NEU-W,1,456134,IS135,L10.404L,2024-04-03 01:54:00
A14&NEU-W,2,456134,IS135,L10.404L,2024-06-04 00:26:00
A14&NEU-W,3,456134,IS135,L10.404L,2024-07-23 00:56:00
A14&NEU-W,4,456134,IS135,L10.404L,2024-10-09 00:12:00
A14&NEU-W,5,456134,IS135,L10.404L,2024-11-28 00:16:00
A14&NEU-W,0,456135,IS136,L10.405M,2024-02-12 02:09:00
A14&NEU-W,1,456135,IS136,L10.405M,2024-04-02 23:11:00
A14&NEU-W,2,456135,IS136,L10.405M,2024-06-04 00:11:00
A14&NEU-W,3,456135,IS136,L10.405M,2024-07-23 02:39:00
A14&NEU-W,4,456135,IS136,L10.405M,2024-10-09 00:11:00
A14&NEU-W,5,456135,IS136,L10.405M,2024-11-28 01:24:00
A14&NEU-W,0,456136,IS137,L10.406N,2024-02-12 02:51:00
A14&NEU-W,1,456136,IS137,L10.406N,2024-04-03 00:22:00
A14&NEU-W,2,456136,IS137,L10.406N,2024-06-03 23:28:00
A14&NEU-W,3,456136,IS137,L10.406N,2024-07-23 02:49:00
A14&NEU-W,4,456136,IS137,L10.406N,2024-10-09 00:48:00
A14&NEU-W,5,456136,IS137,L10.406N,2024-11-27 23:36:00
A14&NEU-W,0,456137,IS138,L10.407P,2024-02-11 23:29:00
A14&NEU-W,1,456137,IS138,L10.407P,2024-04-03 01:55:00
A14&NEU-W,2,456137,IS138,L10.407P,2024-06-03 23:06:00
A14&NEU-W,3,456137,IS138,L10.407P,2024-07-23 01:45:00
A14&NEU-W,4,456137,IS138,L10.407P,2024-10-08 23:18:00
A14&NEU-W,5,456137,IS138,L10.407P,2024-11-28 01:37:00
A14&NEU-W,0,456138,IS139,L10.408R,2024-02-11 23:37:00
A14&NEU-W,1,456138,IS139,L10.408R,2024-04-03 02:42:00
A14&NEU-W,2,456138,IS139,L10.408R,2024-06-03 23:52:00
A14&NEU-W,3,456138,IS139,L10.408R,2024-07-23 02:11:00
A14&NEU-W,4,456138,IS139,L10.408R,2024-10-09 02:21:00
A14&NEU-W,5,456138,IS139,L10.408R,2024-11-28 02:10:00
A14&NEU-W,0,456139,IS140,L10.409S,2024-02-12 01:58:00
A14&NEU-W,1,456139,IS140,L10.409S,2024-04-02 23:13:00
A14&NEU-W,2,456139,IS140,L10.409S,2024-06-04 02:19:00
A14&NEU-W,3,456139,IS140,L10.409S,2024-07-22 23:04:00
A14&NEU-W,4,456139,IS140,L10.409S,2024-10-08 23:00:00
A14&NEU-W,5,456139,IS140,L10.409S,2024-11-28 00:37:00
A14&NEU-W,0,456140,IS141,L10.411U,2024-02-11 23:15:00
A14&NEU-W,1,456140,IS141,L10.411U,2024-04-03 02:03:00
A14&NEU-W,2,456140,IS141,L10.411U,2024-06-03 23:04:00
A14&NEU-W,3,456140,IS141,L10.411U,2024-07-23 02:30:00
A14&NEU-W,4,456140,IS141,L10.411U,2024-10-09 00:08:00
A14&NEU-W,5,456140,IS141,L10.411U,2024-11-28 02:29:00
A14&NEU-W,0,456141,IS142,L10.412V,2024-02-12 01:35:00
A14&NEU-W,1,456141,IS142,L10.412V,2024-04-03 01:30:00
A14&NEU-W,2,456141,IS142,L10.412V,2024-06-04 00:22:00
A14&NEU-W,3,456141,IS142,L10.412V,2024-07-22 23:04:00
A14&NEU-W,4,456141,IS142,L10.412V,2024-10-08 23:04:00
A14&NEU-W,5,456141,IS142,L10.412V,2024-11-28 02:57:00
A14&NEU-W,0,456142,IS143,L10.413W,2024-02-12 02:11:00
A14&NEU-W,1,456142,IS143,L10.413W,2024-04-03 00:45:00
A14&NEU-W,2,456142,IS143,L10.413W,2024-06-04 02:08:00
A14&NEU-W,3,456142,IS143,L10.413W,2024-07-22 23:20:00
A14&NEU-W,4,456142,IS143,L10.413W,2024-10-09 01:47:00
A14&NEU-W,5,456142,IS143,L10.413W,2024-11-28 01:55:00
A14&NEU-W,0,456143,IS144,L10.414X,2024-02-11 23:35:00
A14&NEU-W,1,456143,IS144,L10.414X,2024-04-02 23:49:00
A14&NEU-W,2,456143,IS144,L10.414X,2024-06-03 23:42:00
A14&NEU-W,3,456143,IS144,L10.414X,2024-07-23 02:15:00
A14&NEU-W,4,456143,IS144,L10.414X,2024-10-09 01:34:00
A14&NEU-W,5,456143,IS144,L10.414X,2024-11-28 01:33:00
A14&NEU-W,0,456144,IS145,L10.415Y,2024-02-11 23:43:00
A14&NEU-W,1,456144,IS145,L10.415Y,2024-04-02 23:14:00
A14&NEU-W,2,456144,IS145,L10.415Y,2024-06-04 01:21:00
A14&NEU-W,3,456144,IS145,L10.415Y,2024-07-23 02:50:00
A14&NEU-W,4,456144,IS145,L10.415Y,2024-10-09 02:33:00
A14&NEU-W,5,456144,IS145,L10.415Y,2024-11-27 23:58:00
A14&NEU-W,0,456145,IS146,L10.416A,2024-02-11 23:34:00
A14&NEU-W,1,456145,IS146,L10.416A,2024-04-03 00:07:00
A14&NEU-W,2,456145,IS146,L10.416A,2024-06-04 00:21:00
A14&NEU-W,3,456145,IS146,L10.416A,2024-07-23 01:44:00
A14&NEU-W,4,456145,IS146,L10.416A,2024-10-08 23:45:00
A14&NEU-W,5,456145,IS146,L10.416A,2024-11-28 00:18:00
A14&NEU-W,0,456146,IS147,L10.417C,2024-02-11 23:38:00
A14&NEU-W,1,456146,IS147,L10.417C,2024-04-03 00:26:00
A14&NEU-W,2,456146,IS147,L10.417C,2024-06-04 00:59:00
A14&NEU-W,3,456146,IS147,L10.417C,2024-07-23 00:52:00
A14&NEU-W,4,456146,IS147,L10.417C,2024-10-08 23:51:00
A14&NEU-W,5,456146,IS147,L10.417C,2024-11-28 01:41:00
A14&NEU-W,0,456147,IS148,L10.418D,2024-02-12 00:46:00
A14&NEU-W,1,456147,IS148,L10.418D,2024-04-03 01:36:00
A14&NEU-W,2,456147,IS148,L10.418D,2024-06-04 02:37:00
A14&NEU-W,3,456147,IS148,L10.418D,2024-07-23 02:24:00
A14&NEU-W,4,456147,IS148,L10.418D,2024-10-09 01:32:00
A14&NEU-W,5,456147,IS148,L10.418D,2024-11-28 00:51:00
A14&NEU-W,0,456148,IS149,L10.419E,2024-02-12 02:13:00
A14&NEU-W,1,456148,IS149,L10.419E,2024-04-03 02:38:00
A14&NEU-W,2,456148,IS149,L10.419E,2024-06-04 00:46:00
A14&NEU-W,3,456148,IS149,L10.419E,2024-07-22 23:26:00
A14&NEU-W,4,456148,IS149,L10.419E,2024-10-09 00:30:00
A14&NEU-W,5,456148,IS149,L10.419E,2024-11-27 23:08:00
A14&NEU-W,0,456149,IS150,L10.421G,2024-02-12 02:29:00
A14&NEU-W,1,456149,IS150,L10.421G,2024-04-03 02:23:00
A14&NEU-W,2,456149,IS150,L10.421G,2024-06-04 02:21:00
A14&NEU-W,3,456149,IS150,L10.421G,2024-07-22 23:32:00
A14&NEU-W,4,456149,IS150,L10.421G,2024-10-09 01:59:00
A14&NEU-W,5,456149,IS150,L10.421G,2024-11-28 01:22:00
A14&NEU-W,0,456150,IS151,L10.422H,2024-02-11 23:40:00
A14&NEU-W,1,456150,IS151,L10.422H,2024-04-03 02:40:00
A14&NEU-W,2,456150,IS151,L10.422H,2024-06-03 23:38:00
A14&NEU-W,3,456150,IS151,L10.422H,2024-07-23 00:28:00
A14&NEU-W,4,456150,IS151,L10.422H,2024-10-09 02:01:00
A14&NEU-W,5,456150,IS151,L10.422H,2024-11-28 01:41:00
A14&NEU-W,0,456151,IS152,L10.423J,2024-02-12 01:55:00
A14&NEU-W,1,456151,IS152,L10.423J,2024-04-03 02:15:00
A14&NEU-W,2,456151,IS152,L10.423J,2024-06-04 00:41:00
A14&NEU-W,3,456151,IS152,L10.423J,2024-07-23 00:33:00
A14&NEU-W,4,456151,IS152,L10.423J,2024-10-09 02:49:00
A14&NEU-W,5,456151,IS152,L10.423J,2024-11-28 00:10:00
A14&NEU-W,0,456152,IS153,L10.424K,2024-02-11 23:50:00
A14&NEU-W,1,456152,IS153,L10.424K,2024-04-03 02:52:00
A14&NEU-W,2,456152,IS153,L10.424K,2024-06-04 02:18:00
A14&NEU-W,3,456152,IS153,L10.424K,2024-07-23 00:18:00
A14&NEU-W,4,456152,IS153,L10.424K,2024-10-09 02:20:00
A14&NEU-W,5,456152,IS153,L10.424K,2024-11-28 01:53:00
A14&NEU-W,0,456154,IS154,L10.426M,2024-02-11 23:31:00
A14&NEU-W,1,456154,IS154,L10.426M,2024-04-02 23:39:00
A14&NEU-W,2,456154,IS154,L10.426M,2024-06-03 23:11:00
A14&NEU-W,3,456154,IS154,L10.426M,2024-07-23 00:48:00
A14&NEU-W,4,456154,IS154,L10.426M,2024-10-09 01:34:00
A14&NEU-W,5,456154,IS154,L10.426M,2024-11-28 02:21:00
A14&NEU-W,0,456160,IS176,L10.435X,2024-02-11 23:57:00
A14&NEU-W,1,456160,IS176,L10.435X,2024-04-02 23:23:00
A14&NEU-W,2,456160,IS176,L10.435X,2024-06-04 01:06:00
A14&NEU-W,3,456160,IS176,L10.435X,2024-07-23 00:53:00
A14&NEU-W,4,456160,IS176,L10.435X,2024-10-09 00:04:00
A14&NEU-W,5,456160,IS176,L10.435X,2024-11-28 00:09:00
A14&NEU-W,0,456161,IS177,L10.436Y,2024-02-12 00:32:00
A14&NEU-W,1,456161,IS177,L10.436Y,2024-04-03 01:05:00
A14&NEU-W,2,456161,IS177,L10.436Y,2024-06-04 02:35:00
A14&NEU-W,3,456161,IS177,L10.436Y,2024-07-23 01:44:00
A14&NEU-W,4,456161,IS177,L10.436Y,2024-10-09 01:53:00
A14&NEU-W,5,456161,IS177,L10.436Y,2024-11-28 00:47:00
A14&NEU-W,0,456170,IS502,L10.669C,2024-02-12 00:21:00
A14&NEU-W,1,456170,IS502,L10.669C,2024-04-02 23:27:00
A14&NEU-W,2,456170,IS502,L10.669C,2024-06-03 23:46:00
A14&NEU-W,3,456170,IS502,L10.669C,2024-07-22 23:46:00
A14&NEU-W,4,456170,IS502,L10.669C,2024-10-09 02:21:00
A14&NEU-W,5,456170,IS502,L10.669C,2024-11-28 01:56:00
A14&NEU-W,0,456177,IS155,L10.834X,2024-02-11 23:37:00
A14&NEU-W,1,456177,IS155,L10.834X,2024-04-03 02:21:00
A14&NEU-W,2,456177,IS155,L10.834X,2024-06-04 00:59:00
A14&NEU-W,3,456177,IS155,L10.834X,2024-07-23 00:04:00
A14&NEU-W,4,456177,IS155,L10.834X,2024-10-09 02:17:00
A14&NEU-W,5,456177,IS155,L10.834X,2024-11-28 01:04:00
A14&NEU-W,0,456178,IS156,L10.835Y,2024-02-12 00:11:00
A14&NEU-W,1,456178,IS156,L10.835Y,2024-04-02 23:15:00
A14&NEU-W,2,456178,IS156,L10.835Y,2024-06-04 02:58:00
A14&NEU-W,3,456178,IS156,L10.835Y,2024-07-23 01:56:00
A14&NEU-W,4,456178,IS156,L10.835Y,2024-10-09 02:45:00
A14&NEU-W,5,456178,IS156,L10.835Y,2024-11-28 00:52:00
A14&NEU-W,0,456179,IS157,L10.836A,2024-02-11 23:43:00
A14&NEU-W,1,456179,IS157,L10.836A,2024-04-03 02:48:00
A14&NEU-W,2,456179,IS157,L10.836A,2024-06-04 02:01:00
A14&NEU-W,3,456179,IS157,L10.836A,2024-07-23 01:03:00
A14&NEU-W,4,456179,IS157,L10.836A,2024-10-08 23:07:00
A14&NEU-W,5,456179,IS157,L10.836A,2024-11-28 02:30:00
A14&NEU-W,0,456180,IS158,L10.837C,2024-02-12 00:12:00
A14&NEU-W,1,456180,IS158,L10.837C,2024-04-03 02:18:00
A14&NEU-W,2,456180,IS158,L10.837C,2024-06-04 01:58:00
A14&NEU-W,3,456180,IS158,L10.837C,2024-07-23 01:34:00
A14&NEU-W,4,456180,IS158,L10.837C,2024-10-09 01:35:00
A14&NEU-W,5,456180,IS158,L10.837C,2024-11-28 00:33:00
A14&NEU-W,0,456181,IS503,L11.513F,2024-02-12 02:58:00
A14&NEU-W,1,456181,IS503,L11.513F,2024-04-03 01:41:00
A14&NEU-W,2,456181,IS503,L11.513F,2024-06-04 01:34:00
A14&NEU-W,3,456181,IS503,L11.513F,2024-07-23 02:45:00
A14&NEU-W,4,456181,IS503,L11.513F,2024-10-09 02:13:00
A14&NEU-W,5,456181,IS503,L11.513F,2024-11-27 23:08:00
A14&NEU-W,0,456182,IS504,L11.514G,2024-02-12 02:56:00
A14&NEU-W,1,456182,IS504,L11.514G,2024-04-03 02:43:00
A14&NEU-W,2,456182,IS504,L11.514G,2024-06-04 00:47:00
A14&NEU-W,3,456182,IS504,L11.514G,2024-07-22 23:35:00
A14&NEU-W,4,456182,IS504,L11.514G,2024-10-08 23:25:00
A14&NEU-W,5,456182,IS504,L11.514G,2024-11-27 23:23:00
A14&NEU-Y,0,457100,IS101,L10.366R,2024-02-14 01:16:00
A14&NEU-Y,1,457100,IS101,L10.366R,2024-04-08 02:44:00
A14&NEU-Y,2,457100,IS101,L10.366R,2024-06-02 23:40:00
A14&NEU-Y,3,457100,IS101,L10.366R,2024-07-24 23:25:00
A14&NEU-Y,4,457100,IS101,L10.366R,2024-10-07 02:05:00
A14&NEU-Y,5,457100,IS101,L10.366R,2024-11-27 00:40:00
A14&NEU-Y,0,457101,IS102,L10.367S,2024-02-14 02:32:00
A14&NEU-Y,1,457101,IS102,L10.367S,2024-04-08 01:55:00
A14&NEU-Y,2,457101,IS102,L10.367S,2024-06-03 00:10:00
A14&NEU-Y,3,457101,IS102,L10.367S,2024-07-24 23:17:00
A14&NEU-Y,4,457101,IS102,L10.367S,2024-10-07 00:48:00
A14&NEU-Y,5,457101,IS102,L10.367S,2024-11-27 02:13:00
A14&NEU-Y,0,457102,IS103,L10.368T,2024-02-13 23:34:00
A14&NEU-Y,1,457102,IS103,L10.368T,2024-04-08 01:01:00
A14&NEU-Y,2,457102,IS103,L10.368T,2024-06-03 01:23:00
A14&NEU-Y,3,457102,IS103,L10.368T,2024-07-24 23:17:00
A14&NEU-Y,4,457102,IS103,L10.368T,2024-10-06 23:47:00
A14&NEU-Y,5,457102,IS103,L10.368T,2024-11-27 02:35:00
A14&NEU-Y,0,457103,IS104,L10.369U,2024-02-14 01:09:00
A14&NEU-Y,1,457103,IS104,L10.369U,2024-04-08 00:58:00
A14&NEU-Y,2,457103,IS104,L10.369U,2024-06-03 02:04:00
A14&NEU-Y,3,457103,IS104,L10.369U,2024-07-25 02:17:00
A14&NEU-Y,4,457103,IS104,L10.369U,2024-10-06 23:26:00
A14&NEU-Y,5,457103,IS104,L10.369U,2024-11-27 00:07:00
A14&NEU-Y,0,457104,IS105,L10.371W,2024-02-13 23:49:00
A14&NEU-Y,1,457104,IS105,L10.371W,2024-04-07 23:11:00
A14&NEU-Y,2,457104,IS105,L10.371W,2024-06-03 01:20:00
A14&NEU-Y,3,457104,IS105,L10.371W,2024-07-25 02:21:00
A14&NEU-Y,4,457104,IS105,L10.371W,2024-10-07 02:34:00
A14&NEU-Y,5,457104,IS105,L10.371W,2024-11-27 01:54:00
A14&NEU-Y,0,457105,IS106,L10.372X,2024-02-14 02:52:00
A14&NEU-Y,1,457105,IS106,L10.372X,2024-04-07 23:06:00
A14&NEU-Y,2,457105,IS106,L10.372X,2024-06-03 02:09:00
A14&NEU-Y,3,457105,IS106,L10.372X,2024-07-24 23:04:00
A14&NEU-Y,4,457105,IS106,L10.372X,2024-10-07 02:22:00
A14&NEU-Y,5,457105,IS106,L10.372X,2024-11-27 00:19:00
A14&NEU-Y,0,457106,IS107,L10.373Y,2024-02-14 01:42:00
A14&NEU-Y,1,457106,IS107,L10.373Y,2024-04-08 02:35:00
A14&NEU-Y,2,457106,IS107,L10.373Y,2024-06-03 01:53:00
A14&NEU-Y,3,457106,IS107,L10.373Y,2024-07-24 23:48:00
A14&NEU-Y,4,457106,IS107,L10.373Y,2024-10-07 02:34:00
A14&NEU-Y,5,457106,IS107,L10.373Y,2024-11-27 02:21:00
A14&NEU-Y,0,457107,IS108,L10.374A,2024-02-14 02:49:00
A14&NEU-Y,1,457107,IS108,L10.374A,2024-04-08 02:36:00
A14&NEU-Y,2,457107,IS108,L10.374A,2024-06-02 23:17:00
A14&NEU-Y,3,457107,IS108,L10.374A,2024-07-24 23:21:00
A14&NEU-Y,4,457107,IS108,L10.374A,2024-10-07 00:59:00
A14&NEU-Y,5,457107,IS108,L10.374A,2024-11-27 01:20:00
A14&NEU-Y,0,457108,IS109,L10.375C,2024-02-14 00:41:00
A14&NEU-Y,1,457108,IS109,L10.375C,2024-04-08 00:00:00
A14&NEU-Y,2,457108,IS109,L10.375C,2024-06-03 02:42:00
A14&NEU-Y,3,457108,IS109,L10.375C,2024-07-24 23:57:00
A14&NEU-Y,4,457108,IS109,L10.375C,2024-10-07 00:38:00
A14&NEU-Y,5,457108,IS109,L10.375C,2024-11-27 01:33:00
A14&NEU-Y,0,457109,IS110,L10.376D,2024-02-14 02:13:00
A14&NEU-Y,1,457109,IS110,L10.376D,2024-04-08 00:30:00
A14&NEU-Y,2,457109,IS110,L10.376D,2024-06-03 02:24:00
A14&NEU-Y,3,457109,IS110,L10.376D,2024-07-25 00:59:00
A14&NEU-Y,4,457109,IS110,L10.376D,2024-10-07 01:15:00
A14&NEU-Y,5,457109,IS110,L10.376D,2024-11-27 02:58:00
A14&NEU-Y,0,457110,IS111,L10.377E,2024-02-14 02:17:00
A14&NEU-Y,1,457110,IS111,L10.377E,2024-04-08 02:43:00
A14&NEU-Y,2,457110,IS111,L10.377E,2024-06-03 00:34:00
A14&NEU-Y,3,457110,IS111,L10.377E,2024-07-25 01:34:00
A14&NEU-Y,4,457110,IS111,L10.377E,2024-10-07 01:38:00
A14&NEU-Y,5,457110,IS111,L10.377E,2024-11-27 01:24:00
A14&NEU-Y,0,457111,IS112,L10.378F,2024-02-13 23:00:00
A14&NEU-Y,1,457111,IS112,L10.378F,2024-04-07 23:31:00
A14&NEU-Y,2,457111,IS112,L10.378F,2024-06-03 00:12:00
A14&NEU-Y,3,457111,IS112,L10.378F,2024-07-24 23:46:00
A14&NEU-Y,4,457111,IS112,L10.378F,2024-10-07 02:30:00
A14&NEU-Y,5,457111,IS112,L10.378F,2024-11-26 23:31:00
A14&NEU-Y,0,457112,IS113,L10.379G,2024-02-13 23:40:00
A14&NEU-Y,1,457112,IS113,L10.379G,2024-04-08 01:43:00
A14&NEU-Y,2,457112,IS113,L10.379G,2024-06-03 00:47:00
A14&NEU-Y,3,457112,IS113,L10.379G,2024-07-25 02:10:00
A14&NEU-Y,4,457112,IS113,L10.379G,2024-10-07 02:47:00
A14&NEU-Y,5,457112,IS113,L10.379G,2024-11-26 23:15:00
A14&NEU-Y,0,457113,IS114,L10.381J,2024-02-14 00:46:00
A14&NEU-Y,1,457113,IS114,L10.381J,2024-04-08 01:25:00
A14&NEU-Y,2,457113,IS114,L10.381J,2024-06-03 01:56:00
A14&NEU-Y,3,457113,IS114,L10.381J,2024-07-25 00:25:00
A14&NEU-Y,4,457113,IS114,L10.381J,2024-10-06 23:12:00
A14&NEU-Y,5,457113,IS114,L10.381J,2024-11-27 00:53:00
A14&NEU-Y,0,457114,IS115,L10.382K,2024-02-14 01:19:00
A14&NEU-Y,1,457114,IS115,L10.382K,2024-04-07 23:08:00
A14&NEU-Y,2,457114,IS115,L10.382K,2024-06-03 02:07:00
A14&NEU-Y,3,457114,IS115,L10.382K,2024-07-25 00:56:00
A14&NEU-Y,4,457114,IS115,L10.382K,2024-10-06 23:28:00
A14&NEU-Y,5,457114,IS115,L10.382K,2024-11-27 02:29:00
A14&NEU-Y,0,457115,IS116,L10.383L,2024-02-13 23:57:00
A14&NEU-Y,1,457115,IS116,L10.383L,2024-04-07 23:26:00
A14&NEU-Y,2,457115,IS116,L10.383L,2024-06-03 01:55:00
A14&NEU-Y,3,457115,IS116,L10.383L,2024-07-24 23:07:00
A14&NEU-Y,4,457115,IS116,L10.383L,2024-10-06 23:44:00
A14&NEU-Y,5,457115,IS116,L10.383L,2024-11-27 01:31:00
A14&NEU-Y,0,457116,IS117,L10.384M,2024-02-14 00:33:00
A14&NEU-Y,1,457116,IS117,L10.384M,2024-04-08 00:30:00
A14&NEU-Y,2,457116,IS117,L10.384M,2024-06-03 01:25:00
A14&NEU-Y,3,457116,IS117,L10.384M,2024-07-25 02:06:00
A14&NEU-Y,4,457116,IS117,L10.384M,2024-10-07 02:11:00
A14&NEU-Y,5,457116,IS117,L10.384M,2024-11-27 00:49:00
A14&NEU-Y,0,457117,IS118,L10.385N,2024-02-14 02:51:00
A14&NEU-Y,1,457117,IS118,L10.385N,2024-04-07 23:30:00
A14&NEU-Y,2,457117,IS118,L10.385N,2024-06-03 01:19:00
A14&NEU-Y,3,457117,IS118,L10.385N,2024-07-24 23:26:00
A14&NEU-Y,4,457117,IS118,L10.385N,2024-10-06 23:46:00
A14&NEU-Y,5,457117,IS118,L10.385N,2024-11-27 00:24:00
A14&NEU-Y,0,457118,IS119,L10.386P,2024-02-14 01:41:00
A14&NEU-Y,1,457118,IS119,L10.386P,2024-04-07 23:51:00
A14&NEU-Y,2,457118,IS119,L10.386P,2024-06-03 00:26:00
A14&NEU-Y,3,457118,IS119,L10.386P,2024-07-24 23:29:00
A14&NEU-Y,4,457118,IS119,L10.386P,2024-10-07 01:40:00
A14&NEU-Y,5,457118,IS119,L10.386P,2024-11-27 01:58:00
A14&NEU-Y,0,457120,IS121,L10.388S,2024-02-13 23:20:00
A14&NEU-Y,1,457120,IS121,L10.388S,2024-04-07 23:06:00
A14&NEU-Y,2,457120,IS121,L10.388S,2024-06-02 23:56:00
A14&NEU-Y,3,457120,IS121,L10.388S,2024-07-24 23:44:00
A14&NEU-Y,4,457120,IS121,L10.388S,2024-10-07 02:27:00
A14&NEU-Y,5,457120,IS121,L10.388S,2024-11-27 00:17:00
A14&NEU-Y,0,457126,IS127,L10.395A,2024-02-14 00:57:00
A14&NEU-Y,1,457126,IS127,L10.395A,2024-04-08 02:33:00
A14&NEU-Y,2,457126,IS127,L10.395A,2024-06-03 01:41:00
A14&NEU-Y,3,457126,IS127,L10.395A,2024-07-24 23:40:00
A14&NEU-Y,4,457126,IS127,L10.395A,2024-10-06 23:44:00
A14&NEU-Y,5,457126,IS127,L10.395A,2024-11-26 23:12:00
A14&NEU-Y,0,457153,IS103A,L10.425L,2024-02-13 23:38:00
A14&NEU-Y,1,457153,IS103A,L10.425L,2024-04-08 00:49:00
A14&NEU-Y,2,457153,IS103A,L10.425L,2024-06-03 01:33:00
A14&NEU-Y,3,457153,IS103A,L10.425L,2024-07-25 00:04:00
A14&NEU-Y,4,457153,IS103A,L10.425L,2024-10-06 23:00:00
A14&NEU-Y,5,457153,IS103A,L10.425L,2024-11-27 00:32:00
A14&NEU-Y,0,457169,IS501,L10.668A,2024-02-13 23:13:00
A14&NEU-Y,1,457169,IS501,L10.668A,2024-04-08 00:39:00
A14&NEU-Y,2,457169,IS501,L10.668A,2024-06-03 01:13:00
A14&NEU-Y,3,457169,IS501,L10.668A,2024-07-25 00:30:00
A14&NEU-Y,4,457169,IS501,L10.668A,2024-10-07 00:49:00
A14&NEU-Y,5,457169,IS501,L10.668A,2024-11-27 02:00:00
A14&NEU-Y,0,457183,IS185,L11.773P,2024-02-14 02:10:00
A14&NEU-Y,1,457183,IS185,L11.773P,2024-04-08 02:47:00
A14&NEU-Y,2,457183,IS185,L11.773P,2024-06-02 23:38:00
A14&NEU-Y,3,457183,IS185,L11.773P,2024-07-25 02:20:00
A14&NEU-Y,4,457183,IS185,L11.773P,2024-10-06 23:28:00
A14&NEU-Y,5,457183,IS185,L11.773P,2024-11-26 23:09:00
A14&NEU-Y,0,457184,IS186,L11.774R,2024-02-14 01:10:00
A14&NEU-Y,1,457184,IS186,L11.774R,2024-04-08 02:14:00
A14&NEU-Y,2,457184,IS186,L11.774R,2024-06-02 23:55:00
A14&NEU-Y,3,457184,IS186,L11.774R,2024-07-25 02:44:00
A14&NEU-Y,4,457184,IS186,L11.774R,2024-10-07 00:28:00
A14&NEU-Y,5,457184,IS186,L11.774R,2024-11-27 02:34:00
BAP&SCL-W,0,460363,IS438,L10.625Y,2024-02-06 01:28:00
BAP&SCL-W,1,460363,IS438,L10.625Y,2024-04-23 02:21:00
BAP&SCL-W,2,460363,IS438,L10.625Y,2024-06-12 00:06:00
BAP&SCL-W,3,460363,IS438,L10.625Y,2024-08-08 01:51:00
BAP&SCL-W,4,460363,IS438,L10.625Y,2024-10-01 01:38:00
BAP&SCL-W,5,460363,IS438,L10.625Y,2024-11-10 23:21:00
BAP&SCL-W,0,460364,IS439,L10.626A,2024-02-06 01:12:00
BAP&SCL-W,1,460364,IS439,L10.626A,2024-04-22 23:56:00
BAP&SCL-W,2,460364,IS439,L10.626A,2024-06-12 02:37:00
BAP&SCL-W,3,460364,IS439,L10.626A,2024-08-08 00:49:00
BAP&SCL-W,4,460364,IS439,L10.626A,2024-10-01 00:52:00
BAP&SCL-W,5,460364,IS439,L10.626A,2024-11-11 01:05:00
BAP&SCL-W,0,460365,IS440,L10.627C,2024-02-06 00:53:00
BAP&SCL-W,1,460365,IS440,L10.627C,2024-04-23 02:26:00
BAP&SCL-W,2,460365,IS440,L10.627C,2024-06-11 23:34:00
BAP&SCL-W,3,460365,IS440,L10.627C,2024-08-08 02:47:00
BAP&SCL-W,4,460365,IS440,L10.627C,2024-10-01 00:38:00
BAP&SCL-W,5,460365,IS440,L10.627C,2024-11-11 00:41:00
BAP&SCL-W,0,460366,IS441,L10.628D,2024-02-05 23:29:00
BAP&SCL-W,1,460366,IS441,L10.628D,2024-04-22 23:33:00
BAP&SCL-W,2,460366,IS441,L10.628D,2024-06-11 23:34:00
BAP&SCL-W,3,460366,IS441,L10.628D,2024-08-07 23:45:00
BAP&SCL-W,4,460366,IS441,L10.628D,2024-10-01 00:33:00
BAP&SCL-W,5,460366,IS441,L10.628D,2024-11-11 02:22:00
BAP&SCL-W,0,460367,IS442,L10.629E,2024-02-06 01:54:00
BAP&SCL-W,1,460367,IS442,L10.629E,2024-04-22 23:36:00
BAP&SCL-W,2,460367,IS442,L10.629E,2024-06-12 00:06:00
BAP&SCL-W,3,460367,IS442,L10.629E,2024-08-08 01:39:00
BAP&SCL-W,4,460367,IS442,L10.629E,2024-10-01 01:52:00
BAP&SCL-W,5,460367,IS442,L10.629E,2024-11-11 01:58:00
BAP&SCL-W,0,460368,IS443,L10.631G,2024-02-06 00:24:00
BAP&SCL-W,1,460368,IS443,L10.631G,2024-04-23 02:45:00
BAP&SCL-W,2,460368,IS443,L10.631G,2024-06-12 01:10:00
BAP&SCL-W,3,460368,IS443,L10.631G,2024-08-07 23:11:00
BAP&SCL-W,4,460368,IS443,L10.631G,2024-09-30 23:42:00
BAP&SCL-W,5,460368,IS443,L10.631G,2024-11-11 00:35:00
BAP&SCL-W,0,460369,IS444,L10.632H,2024-02-06 01:36:00
BAP&SCL-W,1,460369,IS444,L10.632H,2024-04-22 23:03:00
BAP&SCL-W,2,460369,IS444,L10.632H,2024-06-12 00:03:00
BAP&SCL-W,3,460369,IS444,L10.632H,2024-08-08 00:18:00
BAP&SCL-W,4,460369,IS444,L10.632H,2024-10-01 00:42:00
BAP&SCL-W,5,460369,IS444,L10.632H,2024-11-11 00:36:00
BAP&SCL-W,0,460370,IS445,L10.633J,2024-02-06 00:40:00
BAP&SCL-W,1,460370,IS445,L10.633J,2024-04-23 00:23:00
BAP&SCL-W,2,460370,IS445,L10.633J,2024-06-12 00:33:00
BAP&SCL-W,3,460370,IS445,L10.633J,2024-08-08 00:41:00
BAP&SCL-W,4,460370,IS445,L10.633J,2024-09-30 23:08:00
BAP&SCL-W,5,460370,IS445,L10.633J,2024-11-10 23:41:00
BAP&SCL-W,0,460377,IS457,L10.641T,2024-02-06 00:50:00
BAP&SCL-W,1,460377,IS457,L10.641T,2024-04-23 00:10:00
BAP&SCL-W,2,460377,IS457,L10.641T,2024-06-11 23:44:00
BAP&SCL-W,3,460377,IS457,L10.641T,2024-08-08 00:07:00
BAP&SCL-W,4,460377,IS457,L10.641T,2024-10-01 02:32:00
BAP&SCL-W,5,460377,IS457,L10.641T,2024-11-11 00:07:00
BAP&SCL-W,0,460378,IS458,L10.642U,2024-02-06 01:20:00
BAP&SCL-W,1,460378,IS458,L10.642U,2024-04-23 02:47:00
BAP&SCL-W,2,460378,IS458,L10.642U,2024-06-12 02:52:00
BAP&SCL-W,3,460378,IS458,L10.642U,2024-08-08 01:03:00
BAP&SCL-W,4,460378,IS458,L10.642U,2024-10-01 02:36:00
BAP&SCL-W,5,460378,IS458,L10.642U,2024-11-11 00:16:00
BAP&SCL-W,0,460379,IS459,L10.643V,2024-02-06 02:11:00
BAP&SCL-W,1,460379,IS459,L10.643V,2024-04-23 00:53:00
BAP&SCL-W,2,460379,IS459,L10.643V,2024-06-12 02:40:00
BAP&SCL-W,3,460379,IS459,L10.643V,2024-08-07 23:17:00
BAP&SCL-W,4,460379,IS459,L10.643V,2024-10-01 00:46:00
BAP&SCL-W,5,460379,IS459,L10.643V,2024-11-11 01:38:00
BAP&SCL-W,0,460380,IS460,L10.644W,2024-02-05 23:08:00
BAP&SCL-W,1,460380,IS460,L10.644W,2024-04-23 01:04:00
BAP&SCL-W,2,460380,IS460,L10.644W,2024-06-12 02:41:00
BAP&SCL-W,3,460380,IS460,L10.644W,2024-08-08 02:26:00
BAP&SCL-W,4,460380,IS460,L10.644W,2024-10-01 02:12:00
BAP&SCL-W,5,460380,IS460,L10.644W,2024-11-10 23:32:00
BAP&SCL-W,0,460381,IS461,L10.645X,2024-02-06 01:20:00
BAP&SCL-W,1,460381,IS461,L10.645X,2024-04-23 00:33:00
BAP&SCL-W,2,460381,IS461,L10.645X,2024-06-12 00:31:00
BAP&SCL-W,3,460381,IS461,L10.645X,2024-08-08 00:53:00
BAP&SCL-W,4,460381,IS461,L10.645X,2024-10-01 00:06:00
BAP&SCL-W,5,460381,IS461,L10.645X,2024-11-11 00:35:00
BAP&SCL-W,0,460382,IS462,L10.646Y,2024-02-06 01:49:00
BAP&SCL-W,1,460382,IS462,L10.646Y,2024-04-23 00:04:00
BAP&SCL-W,2,460382,IS462,L10.646Y,2024-06-11 23:51:00
BAP&SCL-W,3,460382,IS462,L10.646Y,2024-08-08 01:46:00
BAP&SCL-W,4,460382,IS462,L10.646Y,2024-10-01 01:03:00
BAP&SCL-W,5,460382,IS462,L10.646Y,2024-11-11 00:27:00
BAP&SCL-W,0,460385,IS463,L11.515H,2024-02-06 02:36:00
BAP&SCL-W,1,460385,IS463,L11.515H,2024-04-22 23:41:00
BAP&SCL-W,2,460385,IS463,L11.515H,2024-06-11 23:13:00
BAP&SCL-W,3,460385,IS463,L11.515H,2024-08-08 02:07:00
BAP&SCL-W,4,460385,IS463,L11.515H,2024-10-01 01:19:00
BAP&SCL-W,5,460385,IS463,L11.515H,2024-11-11 00:20:00
BAP&SCL-Y,0,462356,IS431,L10.617P,2024-02-12 02:36:00
BAP&SCL-Y,1,462356,IS431,L10.617P,2024-04-02 00:54:00
BAP&SCL-Y,2,462356,IS431,L10.617P,2024-06-18 02:16:00
BAP&SCL-Y,3,462356,IS431,L10.617P,2024-08-08 02:17:00
BAP&SCL-Y,4,462356,IS431,L10.617P,2024-10-02 23:09:00
BAP&SCL-Y,5,462356,IS431,L10.617P,2024-11-28 01:48:00
BAP&SCL-Y,0,462357,IS432,L10.618R,2024-02-11 23:32:00
BAP&SCL-Y,1,462357,IS432,L10.618R,2024-04-02 01:06:00
BAP&SCL-Y,2,462357,IS432,L10.618R,2024-06-18 02:08:00
BAP&SCL-Y,3,462357,IS432,L10.618R,2024-08-07 23:39:00
BAP&SCL-Y,4,462357,IS432,L10.618R,2024-10-03 01:08:00
BAP&SCL-Y,5,462357,IS432,L10.618R,2024-11-27 23:35:00
BAP&SCL-Y,0,462358,IS433,L10.619S,2024-02-11 23:46:00
BAP&SCL-Y,1,462358,IS433,L10.619S,2024-04-02 00:11:00
BAP&SCL-Y,2,462358,IS433,L10.619S,2024-06-18 02:10:00
BAP&SCL-Y,3,462358,IS433,L10.619S,2024-08-08 01:47:00
BAP&SCL-Y,4,462358,IS433,L10.619S,2024-10-02 23:46:00
BAP&SCL-Y,5,462358,IS433,L10.619S,2024-11-28 00:43:00
BAP&SCL-Y,0,462359,IS434,L10.621U,2024-02-12 00:04:00
BAP&SCL-Y,1,462359,IS434,L10.621U,2024-04-01 23:32:00
BAP&SCL-Y,2,462359,IS434,L10.621U,2024-06-18 00:47:00
BAP&SCL-Y,3,462359,IS434,L10.621U,2024-08-07 23:34:00
BAP&SCL-Y,4,462359,IS434,L10.621U,2024-10-02 23:38:00
BAP&SCL-Y,5,462359,IS434,L10.621U,2024-11-27 23:05:00
BAP&SCL-Y,0,462360,IS435,L10.622V,2024-02-12 01:31:00
BAP&SCL-Y,1,462360,IS435,L10.622V,2024-04-01 23:23:00
BAP&SCL-Y,2,462360,IS435,L10.622V,2024-06-18 02:34:00
BAP&SCL-Y,3,462360,IS435,L10.622V,2024-08-08 00:48:00
BAP&SCL-Y,4,462360,IS435,L10.622V,2024-10-03 02:26:00
BAP&SCL-Y,5,462360,IS435,L10.622V,2024-11-28 02:25:00
BAP&SCL-Y,0,462361,IS436,L10.623W,2024-02-12 00:04:00
BAP&SCL-Y,1,462361,IS436,L10.623W,2024-04-02 02:27:00
BAP&SCL-Y,2,462361,IS436,L10.623W,2024-06-18 00:11:00
BAP&SCL-Y,3,462361,IS436,L10.623W,2024-08-08 00:19:00
BAP&SCL-Y,4,462361,IS436,L10.623W,2024-10-03 02:59:00
BAP&SCL-Y,5,462361,IS436,L10.623W,2024-11-28 01:56:00
BAP&SCL-Y,0,462362,IS437,L10.624X,2024-02-12 02:10:00
BAP&SCL-Y,1,462362,IS437,L10.624X,2024-04-02 01:28:00
BAP&SCL-Y,2,462362,IS437,L10.624X,2024-06-18 02:53:00
BAP&SCL-Y,3,462362,IS437,L10.624X,2024-08-08 02:03:00
BAP&SCL-Y,4,462362,IS437,L10.624X,2024-10-03 00:28:00
BAP&SCL-Y,5,462362,IS437,L10.624X,2024-11-27 23:16:00
BAP&SCL-Y,0,462371,IS451,L10.634K,2024-02-11 23:51:00
BAP&SCL-Y,1,462371,IS451,L10.634K,2024-04-02 01:33:00
BAP&SCL-Y,2,462371,IS451,L10.634K,2024-06-18 02:13:00
BAP&SCL-Y,3,462371,IS451,L10.634K,2024-08-08 00:31:00
BAP&SCL-Y,4,462371,IS451,L10.634K,2024-10-03 00:13:00
BAP&SCL-Y,5,462371,IS451,L10.634K,2024-11-27 23:21:00
BAP&SCL-Y,0,462372,IS452,L10.635L,2024-02-12 01:18:00
BAP&SCL-Y,1,462372,IS452,L10.635L,2024-04-02 01:32:00
BAP&SCL-Y,2,462372,IS452,L10.635L,2024-06-18 00:17:00
BAP&SCL-Y,3,462372,IS452,L10.635L,2024-08-07 23:18:00
BAP&SCL-Y,4,462372,IS452,L10.635L,2024-10-03 01:34:00
BAP&SCL-Y,5,462372,IS452,L10.635L,2024-11-28 02:35:00
BAP&SCL-Y,0,462373,IS453,L10.636M,2024-02-12 01:22:00
BAP&SCL-Y,1,462373,IS453,L10.636M,2024-04-02 02:36:00
BAP&SCL-Y,2,462373,IS453,L10.636M,2024-06-17 23:29:00
BAP&SCL-Y,3,462373,IS453,L10.636M,2024-08-07 23:07:00
BAP&SCL-Y,4,462373,IS453,L10.636M,2024-10-03 01:37:00
BAP&SCL-Y,5,462373,IS453,L10.636M,2024-11-28 02:51:00
BAP&SCL-Y,0,462374,IS454,L10.637N,2024-02-12 02:16:00
BAP&SCL-Y,1,462374,IS454,L10.637N,2024-04-01 23:13:00
BAP&SCL-Y,2,462374,IS454,L10.637N,2024-06-17 23:01:00
BAP&SCL-Y,3,462374,IS454,L10.637N,2024-08-07 23:08:00
BAP&SCL-Y,4,462374,IS454,L10.637N,2024-10-03 00:05:00
BAP&SCL-Y,5,462374,IS454,L10.637N,2024-11-28 01:38:00
BAP&SCL-Y,0,462375,IS455,L10.638P,2024-02-12 02:53:00
BAP&SCL-Y,1,462375,IS455,L10.638P,2024-04-02 02:26:00
BAP&SCL-Y,2,462375,IS455,L10.638P,2024-06-18 02:57:00
BAP&SCL-Y,3,462375,IS455,L10.638P,2024-08-08 01:41:00
BAP&SCL-Y,4,462375,IS455,L10.638P,2024-10-03 00:18:00
BAP&SCL-Y,5,462375,IS455,L10.638P,2024-11-28 00:58:00
BAP&SCL-Y,0,462376,IS456,L10.639R,2024-02-12 00:51:00
BAP&SCL-Y,1,462376,IS456,L10.639R,2024-04-02 01:24:00
BAP&SCL-Y,2,462376,IS456,L10.639R,2024-06-18 02:39:00
BAP&SCL-Y,3,462376,IS456,L10.639R,2024-08-07 23:02:00
BAP&SCL-Y,4,462376,IS456,L10.639R,2024-10-03 00:46:00
BAP&SCL-Y,5,462376,IS456,L10.639R,2024-11-28 01:00:00
BIC&ITA-W,0,479330,IS409,L10.607D,2024-02-27 00:53:00
BIC&ITA-W,1,479330,IS409,L10.607D,2024-04-11 00:21:00
BIC&ITA-W,2,479330,IS409,L10.607D,2024-05-26 23:47:00
BIC&ITA-W,3,479330,IS409,L10.607D,2024-08-13 23:00:00
BIC&ITA-W,4,479330,IS409,L10.607D,2024-09-24 00:55:00
BIC&ITA-W,5,479330,IS409,L10.607D,2024-11-27 02:35:00
BIC&ITA-W,0,479331,IS410,L10.608E,2024-02-26 23:07:00
BIC&ITA-W,1,479331,IS410,L10.608E,2024-04-11 00:57:00
BIC&ITA-W,2,479331,IS410,L10.608E,2024-05-27 02:19:00
BIC&ITA-W,3,479331,IS410,L10.608E,2024-08-14 02:23:00
BIC&ITA-W,4,479331,IS410,L10.608E,2024-09-24 02:24:00
BIC&ITA-W,5,479331,IS410,L10.608E,2024-11-26 23:54:00
BIC&ITA-W,0,479332,IS411,L10.609F,2024-02-26 23:18:00
BIC&ITA-W,1,479332,IS411,L10.609F,2024-04-11 00:07:00
BIC&ITA-W,2,479332,IS411,L10.609F,2024-05-27 02:18:00
BIC&ITA-W,3,479332,IS411,L10.609F,2024-08-14 02:31:00
BIC&ITA-W,4,479332,IS411,L10.609F,2024-09-24 01:48:00
BIC&ITA-W,5,479332,IS411,L10.609F,2024-11-27 01:48:00
BIC&ITA-W,0,479333,IS412,L10.611H,2024-02-27 01:57:00
BIC&ITA-W,1,479333,IS412,L10.611H,2024-04-10 23:49:00
BIC&ITA-W,2,479333,IS412,L10.611H,2024-05-27 02:17:00
BIC&ITA-W,3,479333,IS412,L10.611H,2024-08-14 00:24:00
BIC&ITA-W,4,479333,IS412,L10.611H,2024-09-24 00:14:00
BIC&ITA-W,5,479333,IS412,L10.611H,2024-11-26 23:21:00
BIC&ITA-W,0,479334,IS413,L10.612J,2024-02-26 23:50:00
BIC&ITA-W,1,479334,IS413,L10.612J,2024-04-11 02:09:00
BIC&ITA-W,2,479334,IS413,L10.612J,2024-05-27 02:43:00
BIC&ITA-W,3,479334,IS413,L10.612J,2024-08-14 00:11:00
BIC&ITA-W,4,479334,IS413,L10.612J,2024-09-24 00:45:00
BIC&ITA-W,5,479334,IS413,L10.612J,2024-11-27 01:17:00
BIC&ITA-Y,0,470322,IS401,L10.598S,2024-02-06 01:25:00
BIC&ITA-Y,1,470322,IS401,L10.598S,2024-04-09 01:57:00
BIC&ITA-Y,2,470322,IS401,L10.598S,2024-06-03 02:02:00
BIC&ITA-Y,3,470322,IS401,L10.598S,2024-08-07 23:57:00
BIC&ITA-Y,4,470322,IS401,L10.598S,2024-10-01 01:46:00
BIC&ITA-Y,5,470322,IS401,L10.598S,2024-11-21 00:15:00
BIC&ITA-Y,0,470323,IS402,L10.599T,2024-02-06 00:28:00
BIC&ITA-Y,1,470323,IS402,L10.599T,2024-04-08 23:19:00
BIC&ITA-Y,2,470323,IS402,L10.599T,2024-06-02 23:48:00
BIC&ITA-Y,3,470323,IS402,L10.599T,2024-08-08 00:38:00
BIC&ITA-Y,4,470323,IS402,L10.599T,2024-10-01 01:17:00
BIC&ITA-Y,5,470323,IS402,L10.599T,2024-11-20 23:22:00
BIC&ITA-Y,0,470324,IS403,L10.601V,2024-02-06 01:38:00
BIC&ITA-Y,1,470324,IS403,L10.601V,2024-04-09 01:39:00
BIC&ITA-Y,2,470324,IS403,L10.601V,2024-06-03 02:42:00
BIC&ITA-Y,3,470324,IS403,L10.601V,2024-08-08 02:51:00
BIC&ITA-Y,4,470324,IS403,L10.601V,2024-09-30 23:51:00
BIC&ITA-Y,5,470324,IS403,L10.601V,2024-11-20 23:09:00
BIC&ITA-Y,0,470325,IS404,L10.602W,2024-02-05 23:32:00
BIC&ITA-Y,1,470325,IS404,L10.602W,2024-04-09 00:02:00
BIC&ITA-Y,2,470325,IS404,L10.602W,2024-06-03 01:45:00
BIC&ITA-Y,3,470325,IS404,L10.602W,2024-08-08 02:50:00
BIC&ITA-Y,4,470325,IS404,L10.602W,2024-10-01 00:34:00
BIC&ITA-Y,5,470325,IS404,L10.602W,2024-11-20 23:15:00
BIC&ITA-Y,0,470326,IS405,L10.603X,2024-02-06 01:45:00
BIC&ITA-Y,1,470326,IS405,L10.603X,2024-04-09 02:16:00
BIC&ITA-Y,2,470326,IS405,L10.603X,2024-06-03 02:15:00
BIC&ITA-Y,3,470326,IS405,L10.603X,2024-08-08 00:57:00
BIC&ITA-Y,4,470326,IS405,L10.603X,2024-09-30 23:09:00
BIC&ITA-Y,5,470326,IS405,L10.603X,2024-11-21 02:39:00
BIC&ITA-Y,0,470327,IS406,L10.604Y,2024-02-06 01:51:00
BIC&ITA-Y,1,470327,IS406,L10.604Y,2024-04-09 02:50:00
BIC&ITA-Y,2,470327,IS406,L10.604Y,2024-06-02 23:38:00
BIC&ITA-Y,3,470327,IS406,L10.604Y,2024-08-08 02:33:00
BIC&ITA-Y,4,470327,IS406,L10.604Y,2024-10-01 00:49:00
BIC&ITA-Y,5,470327,IS406,L10.604Y,2024-11-21 01:06:00
BIC&ITA-Y,0,470328,IS407,L10.605A,2024-02-05 23:29:00
BIC&ITA-Y,1,470328,IS407,L10.605A,2024-04-09 02:56:00
BIC&ITA-Y,2,470328,IS407,L10.605A,2024-06-02 23:38:00
BIC&ITA-Y,3,470328,IS407,L10.605A,2024-08-08 01:21:00
BIC&ITA-Y,4,470328,IS407,L10.605A,2024-09-30 23:57:00
BIC&ITA-Y,5,470328,IS407,L10.605A,2024-11-21 00:40:00
BIC&ITA-Y,0,470329,IS408,L10.606C,2024-02-06 00:08:00
BIC&ITA-Y,1,470329,IS408,L10.606C,2024-04-08 23:31:00
BIC&ITA-Y,2,470329,IS408,L10.606C,2024-06-03 01:00:00
BIC&ITA-Y,3,470329,IS408,L10.606C,2024-08-08 01:06:00
BIC&ITA-Y,4,470329,IS408,L10.606C,2024-10-01 01:37:00
BIC&ITA-Y,5,470329,IS408,L10.606C,2024-11-20 23:53:00
BLN&CRN-E,0,459253,IS203,L10.447M,2024-02-13 02:25:00
BLN&CRN-E,1,459253,IS203,L10.447M,2024-04-01 23:17:00
BLN&CRN-E,2,459253,IS203,L10.447M,2024-06-17 01:28:00
BLN&CRN-E,3,459253,IS203,L10.447M,2024-08-05 00:30:00
BLN&CRN-E,4,459253,IS203,L10.447M,2024-10-03 02:35:00
BLN&CRN-E,5,459253,IS203,L10.447M,2024-11-20 02:34:00
BLN&CRN-E,0,459254,IS204,L10.448N,2024-02-13 01:03:00
BLN&CRN-E,1,459254,IS204,L10.448N,2024-04-02 01:27:00
BLN&CRN-E,2,459254,IS204,L10.448N,2024-06-17 00:01:00
BLN&CRN-E,3,459254,IS204,L10.448N,2024-08-05 01:38:00
BLN&CRN-E,4,459254,IS204,L10.448N,2024-10-03 02:09:00
BLN&CRN-E,5,459254,IS204,L10.448N,2024-11-20 00:10:00
BLN&CRN-E,0,459257,IS213,L10.452T,2024-02-13 00:01:00
BLN&CRN-E,1,459257,IS213,L10.452T,2024-04-01 23:40:00
BLN&CRN-E,2,459257,IS213,L10.452T,2024-06-17 00:25:00
BLN&CRN-E,3,459257,IS213,L10.452T,2024-08-05 01:37:00
BLN&CRN-E,4,459257,IS213,L10.452T,2024-10-03 02:23:00
BLN&CRN-E,5,459257,IS213,L10.452T,2024-11-20 02:01:00
BLN&CRN-E,0,459258,IS214,L10.453U,2024-02-12 23:30:00
BLN&CRN-E,1,459258,IS214,L10.453U,2024-04-02 02:38:00
BLN&CRN-E,2,459258,IS214,L10.453U,2024-06-17 02:06:00
BLN&CRN-E,3,459258,IS214,L10.453U,2024-08-05 00:06:00
BLN&CRN-E,4,459258,IS214,L10.453U,2024-10-03 01:03:00
BLN&CRN-E,5,459258,IS214,L10.453U,2024-11-20 00:01:00
BLN&CRN-E,0,459271,IS237A,L10.467L,2024-02-12 23:15:00
BLN&CRN-E,1,459271,IS237A,L10.467L,2024-04-02 01:46:00
BLN&CRN-E,2,459271,IS237A,L10.467L,2024-06-17 02:02:00
BLN&CRN-E,3,459271,IS237A,L10.467L,2024-08-05 02:20:00
BLN&CRN-E,4,459271,IS237A,L10.467L,2024-10-02 23:44:00
BLN&CRN-E,5,459271,IS237A,L10.467L,2024-11-20 00:23:00
BLN&CRN-E,0,459272,IS234,L10.468M,2024-02-13 02:43:00
BLN&CRN-E,1,459272,IS234,L10.468M,2024-04-02 00:06:00
BLN&CRN-E,2,459272,IS234,L10.468M,2024-06-16 23:04:00
BLN&CRN-E,3,459272,IS234,L10.468M,2024-08-05 00:37:00
BLN&CRN-E,4,459272,IS234,L10.468M,2024-10-03 01:09:00
BLN&CRN-E,5,459272,IS234,L10.468M,2024-11-19 23:40:00
BLN&CRN-E,0,459273,IS235,L10.469N,2024-02-13 01:08:00
BLN&CRN-E,1,459273,IS235,L10.469N,2024-04-01 23:21:00
BLN&CRN-E,2,459273,IS235,L10.469N,2024-06-17 00:13:00
BLN&CRN-E,3,459273,IS235,L10.469N,2024-08-04 23:41:00
BLN&CRN-E,4,459273,IS235,L10.469N,2024-10-03 01:30:00
BLN&CRN-E,5,459273,IS235,L10.469N,2024-11-20 02:23:00
BLN&CRN-E,0,459274,IS236,L10.471R,2024-02-12 23:20:00
BLN&CRN-E,1,459274,IS236,L10.471R,2024-04-02 00:59:00
BLN&CRN-E,2,459274,IS236,L10.471R,2024-06-17 02:53:00
BLN&CRN-E,3,459274,IS236,L10.471R,2024-08-04 23:24:00
BLN&CRN-E,4,459274,IS236,L10.471R,2024-10-03 01:42:00
BLN&CRN-E,5,459274,IS236,L10.471R,2024-11-20 02:11:00
BLN&CRN-E,0,459275,IS237,L10.472S,2024-02-13 00:42:00
BLN&CRN-E,1,459275,IS237,L10.472S,2024-04-02 00:16:00
BLN&CRN-E,2,459275,IS237,L10.472S,2024-06-17 02:37:00
BLN&CRN-E,3,459275,IS237,L10.472S,2024-08-05 01:19:00
BLN&CRN-E,4,459275,IS237,L10.472S,2024-10-03 02:15:00
BLN&CRN-E,5,459275,IS237,L10.472S,2024-11-20 02:55:00
BLN&CRN-E,0,459276,IS238,L10.473T,2024-02-13 01:20:00
BLN&CRN-E,1,459276,IS238,L10.473T,2024-04-01 23:18:00
BLN&CRN-E,2,459276,IS238,L10.473T,2024-06-17 01:51:00
BLN&CRN-E,3,459276,IS238,L10.473T,2024-08-04 23:29:00
BLN&CRN-E,4,459276,IS238,L10.473T,2024-10-03 00:22:00
BLN&CRN-E,5,459276,IS238,L10.473T,2024-11-20 01:07:00
BLN&CRN-E,0,459277,IS239,L10.474U,2024-02-13 02:01:00
BLN&CRN-E,1,459277,IS239,L10.474U,2024-04-02 02:49:00
BLN&CRN-E,2,459277,IS239,L10.474U,2024-06-17 02:16:00
BLN&CRN-E,3,459277,IS239,L10.474U,2024-08-05 02:46:00
BLN&CRN-E,4,459277,IS239,L10.474U,2024-10-03 02:45:00
BLN&CRN-E,5,459277,IS239,L10.474U,2024-11-19 23:25:00
BLN&CRN-E,0,459278,IS240,L10.475V,2024-02-13 02:50:00
BLN&CRN-E,1,459278,IS240,L10.475V,2024-04-02 01:01:00
BLN&CRN-E,2,459278,IS240,L10.475V,2024-06-16 23:50:00
BLN&CRN-E,3,459278,IS240,L10.475V,2024-08-05 02:47:00
BLN&CRN-E,4,459278,IS240,L10.475V,2024-10-02 23:06:00
BLN&CRN-E,5,459278,IS240,L10.475V,2024-11-19 23:21:00
BLN&CRN-E,0,459279,IS241,L10.476W,2024-02-13 01:39:00
BLN&CRN-E,1,459279,IS241,L10.476W,2024-04-02 02:34:00
BLN&CRN-E,2,459279,IS241,L10.476W,2024-06-17 02:57:00
BLN&CRN-E,3,459279,IS241,L10.476W,2024-08-05 02:28:00
BLN&CRN-E,4,459279,IS241,L10.476W,2024-10-03 01:40:00
BLN&CRN-E,5,459279,IS241,L10.476W,2024-11-20 00:15:00
BLN&CRN-E,0,459280,IS238A,L10.477X,2024-02-13 01:51:00
BLN&CRN-E,1,459280,IS238A,L10.477X,2024-04-02 02:22:00
BLN&CRN-E,2,459280,IS238A,L10.477X,2024-06-17 02:20:00
BLN&CRN-E,3,459280,IS238A,L10.477X,2024-08-04 23:25:00
BLN&CRN-E,4,459280,IS238A,L10.477X,2024-10-03 01:31:00
BLN&CRN-E,5,459280,IS238A,L10.477X,2024-11-20 00:26:00
BLN&CRN-E,0,459281,IS243,L10.478Y,2024-02-13 02:03:00
BLN&CRN-E,1,459281,IS243,L10.478Y,2024-04-02 00:41:00
BLN&CRN-E,2,459281,IS243,L10.478Y,2024-06-17 01:53:00
BLN&CRN-E,3,459281,IS243,L10.478Y,2024-08-05 02:44:00
BLN&CRN-E,4,459281,IS243,L10.478Y,2024-10-03 02:24:00
BLN&CRN-E,5,459281,IS243,L10.478Y,2024-11-19 23:29:00
BLN&CRN-E,0,459283,IS245,L10.481D,2024-02-13 02:35:00
BLN&CRN-E,1,459283,IS245,L10.481D,2024-04-01 23:59:00
BLN&CRN-E,2,459283,IS245,L10.481D,2024-06-17 02:14:00
BLN&CRN-E,3,459283,IS245,L10.481D,2024-08-04 23:32:00
BLN&CRN-E,4,459283,IS245,L10.481D,2024-10-03 02:06:00
BLN&CRN-E,5,459283,IS245,L10.481D,2024-11-20 00:42:00
BLN&CRN-I,0,458251,IS201,L10.445K,2024-02-05 00:11:00
BLN&CRN-I,1,458251,IS201,L10.445K,2024-04-24 00:13:00
BLN&CRN-I,2,458251,IS201,L10.445K,2024-06-17 23:41:00
BLN&CRN-I,3,458251,IS201,L10.445K,2024-08-05 00:23:00
BLN&CRN-I,4,458251,IS201,L10.445K,2024-10-02 23:40:00
BLN&CRN-I,5,458251,IS201,L10.445K,2024-12-04 23:53:00
BLN&CRN-I,0,458252,IS202,L10.446L,2024-02-05 02:09:00
BLN&CRN-I,1,458252,IS202,L10.446L,2024-04-24 00:58:00
BLN&CRN-I,2,458252,IS202,L10.446L,2024-06-17 23:32:00
BLN&CRN-I,3,458252,IS202,L10.446L,2024-08-05 01:38:00
BLN&CRN-I,4,458252,IS202,L10.446L,2024-10-02 23:51:00
BLN&CRN-I,5,458252,IS202,L10.446L,2024-12-05 02:02:00
BLN&CRN-I,0,458255,IS211,L10.449P,2024-02-05 02:09:00
BLN&CRN-I,1,458255,IS211,L10.449P,2024-04-23 23:52:00
BLN&CRN-I,2,458255,IS211,L10.449P,2024-06-17 23:49:00
BLN&CRN-I,3,458255,IS211,L10.449P,2024-08-04 23:17:00
BLN&CRN-I,4,458255,IS211,L10.449P,2024-10-02 23:41:00
BLN&CRN-I,5,458255,IS211,L10.449P,2024-12-04 23:22:00
BLN&CRN-I,0,458256,IS212,L10.451S,2024-02-04 23:13:00
BLN&CRN-I,1,458256,IS212,L10.451S,2024-04-24 01:42:00
BLN&CRN-I,2,458256,IS212,L10.451S,2024-06-18 01:25:00
BLN&CRN-I,3,458256,IS212,L10.451S,2024-08-04 23:24:00
BLN&CRN-I,4,458256,IS212,L10.451S,2024-10-02 23:39:00
BLN&CRN-I,5,458256,IS212,L10.451S,2024-12-05 00:13:00
BLN&CRN-I,0,458259,IS221,L10.454V,2024-02-05 01:03:00
BLN&CRN-I,1,458259,IS221,L10.454V,2024-04-24 01:52:00
BLN&CRN-I,2,458259,IS221,L10.454V,2024-06-18 00:09:00
BLN&CRN-I,3,458259,IS221,L10.454V,2024-08-04 23:02:00
BLN&CRN-I,4,458259,IS221,L10.454V,2024-10-02 23:29:00
BLN&CRN-I,5,458259,IS221,L10.454V,2024-12-05 02:37:00
BLN&CRN-I,0,458260,IS222,L10.455W,2024-02-05 02:35:00
BLN&CRN-I,1,458260,IS222,L10.455W,2024-04-24 01:54:00
BLN&CRN-I,2,458260,IS222,L10.455W,2024-06-18 02:58:00
BLN&CRN-I,3,458260,IS222,L10.455W,2024-08-05 02:20:00
BLN&CRN-I,4,458260,IS222,L10.455W,2024-10-03 00:21:00
BLN&CRN-I,5,458260,IS222,L10.455W,2024-12-05 01:48:00
BLN&CRN-I,0,458261,IS223,L10.456X,2024-02-05 01:14:00
BLN&CRN-I,1,458261,IS223,L10.456X,2024-04-24 00:52:00
BLN&CRN-I,2,458261,IS223,L10.456X,2024-06-18 02:27:00
BLN&CRN-I,3,458261,IS223,L10.456X,2024-08-05 01:38:00
BLN&CRN-I,4,458261,IS223,L10.456X,2024-10-02 23:02:00
BLN&CRN-I,5,458261,IS223,L10.456X,2024-12-05 02:07:00
BLN&CRN-I,0,458262,IS224,L10.457Y,2024-02-05 02:13:00
BLN&CRN-I,1,458262,IS224,L10.457Y,2024-04-24 01:09:00
BLN&CRN-I,2,458262,IS224,L10.457Y,2024-06-18 02:03:00
BLN&CRN-I,3,458262,IS224,L10.457Y,2024-08-04 23:03:00
BLN&CRN-I,4,458262,IS224,L10.457Y,2024-10-03 02:36:00
BLN&CRN-I,5,458262,IS224,L10.457Y,2024-12-04 23:48:00
BLN&CRN-I,0,458263,IS225,L10.458A,2024-02-04 23:51:00
BLN&CRN-I,1,458263,IS225,L10.458A,2024-04-24 00:15:00
BLN&CRN-I,2,458263,IS225,L10.458A,2024-06-18 02:53:00
BLN&CRN-I,3,458263,IS225,L10.458A,2024-08-04 23:38:00
BLN&CRN-I,4,458263,IS225,L10.458A,2024-10-03 01:07:00
BLN&CRN-I,5,458263,IS225,L10.458A,2024-12-05 00:00:00
BLN&CRN-I,0,458264,IS226,L10.459C,2024-02-05 01:38:00
BLN&CRN-I,1,458264,IS226,L10.459C,2024-04-24 02:14:00
BLN&CRN-I,2,458264,IS226,L10.459C,2024-06-18 00:07:00
BLN&CRN-I,3,458264,IS226,L10.459C,2024-08-05 02:53:00
BLN&CRN-I,4,458264,IS226,L10.459C,2024-10-03 02:54:00
BLN&CRN-I,5,458264,IS226,L10.459C,2024-12-05 01:30:00
BLN&CRN-I,0,458265,IS227,L10.461E,2024-02-05 01:12:00
BLN&CRN-I,1,458265,IS227,L10.461E,2024-04-24 00:30:00
BLN&CRN-I,2,458265,IS227,L10.461E,2024-06-17 23:08:00
BLN&CRN-I,3,458265,IS227,L10.461E,2024-08-04 23:34:00
BLN&CRN-I,4,458265,IS227,L10.461E,2024-10-03 01:19:00
BLN&CRN-I,5,458265,IS227,L10.461E,2024-12-05 00:59:00
BLN&CRN-I,0,458266,IS228,L10.462F,2024-02-05 02:21:00
BLN&CRN-I,1,458266,IS228,L10.462F,2024-04-24 01:29:00
BLN&CRN-I,2,458266,IS228,L10.462F,2024-06-18 02:22:00
BLN&CRN-I,3,458266,IS228,L10.462F,2024-08-05 02:46:00
BLN&CRN-I,4,458266,IS228,L10.462F,2024-10-03 00:41:00
BLN&CRN-I,5,458266,IS228,L10.462F,2024-12-04 23:49:00
BLN&CRN-I,0,458267,IS229,L10.463G,2024-02-04 23:01:00
BLN&CRN-I,1,458267,IS229,L10.463G,2024-04-24 01:30:00
BLN&CRN-I,2,458267,IS229,L10.463G,2024-06-18 00:06:00
BLN&CRN-I,3,458267,IS229,L10.463G,2024-08-05 01:52:00
BLN&CRN-I,4,458267,IS229,L10.463G,2024-10-03 00:05:00
BLN&CRN-I,5,458267,IS229,L10.463G,2024-12-05 01:57:00
BLN&CRN-I,0,458268,IS230,L10.464H,2024-02-05 01:51:00
BLN&CRN-I,1,458268,IS230,L10.464H,2024-04-24 00:09:00
BLN&CRN-I,2,458268,IS230,L10.464H,2024-06-18 02:39:00
BLN&CRN-I,3,458268,IS230,L10.464H,2024-08-05 00:40:00
BLN&CRN-I,4,458268,IS230,L10.464H,2024-10-03 00:13:00
BLN&CRN-I,5,458268,IS230,L10.464H,2024-12-05 00:21:00
BLN&CRN-I,0,458269,IS228A,L10.465J,2024-02-05 00:53:00
BLN&CRN-I,1,458269,IS228A,L10.465J,2024-04-24 00:11:00
BLN&CRN-I,2,458269,IS228A,L10.465J,2024-06-17 23:25:00
BLN&CRN-I,3,458269,IS228A,L10.465J,2024-08-05 00:38:00
BLN&CRN-I,4,458269,IS228A,L10.465J,2024-10-02 23:35:00
BLN&CRN-I,5,458269,IS228A,L10.465J,2024-12-05 00:16:00
BLN&CRN-I,0,458270,IS232,L10.466K,2024-02-05 00:17:00
BLN&CRN-I,1,458270,IS232,L10.466K,2024-04-24 00:41:00
BLN&CRN-I,2,458270,IS232,L10.466K,2024-06-17 23:19:00
BLN&CRN-I,3,458270,IS232,L10.466K,2024-08-05 00:28:00
BLN&CRN-I,4,458270,IS232,L10.466K,2024-10-03 01:16:00
BLN&CRN-I,5,458270,IS232,L10.466K,2024-12-05 02:33:00
BLN&CRN-I,0,458282,IS224A,L10.479A,2024-02-05 00:03:00
BLN&CRN-I,1,458282,IS224A,L10.479A,2024-04-24 00:38:00
BLN&CRN-I,2,458282,IS224A,L10.479A,2024-06-18 00:29:00
BLN&CRN-I,3,458282,IS224A,L10.479A,2024-08-05 02:47:00
BLN&CRN-I,4,458282,IS224A,L10.479A,2024-10-02 23:14:00
BLN&CRN-I,5,458282,IS224A,L10.479A,2024-12-05 02:08:00
BOI-W,0,480247,IS525,L11.589V,2024-02-26 02:22:00
BOI-W,1,480247,IS525,L11.589V,2024-04-15 23:24:00
BOI-W,2,480247,IS525,L11.589V,2024-05-29 01:26:00
BOI-W,3,480247,IS525,L11.589V,2024-08-06 23:41:00
BOI-W,4,480247,IS525,L11.589V,2024-10-03 01:33:00
BOI-W,5,480247,IS525,L11.589V,2024-11-25 01:03:00
BOI-W,0,480248,IS526,L11.591X,2024-02-26 00:47:00
BOI-W,1,480248,IS526,L11.591X,2024-04-16 00:33:00
BOI-W,2,480248,IS526,L11.591X,2024-05-29 01:38:00
BOI-W,3,480248,IS526,L11.591X,2024-08-07 01:36:00
BOI-W,4,480248,IS526,L11.591X,2024-10-03 02:06:00
BOI-W,5,480248,IS526,L11.591X,2024-11-25 02:14:00
BOI-W,0,480249,IS527,L11.592Y,2024-02-26 00:28:00
BOI-W,1,480249,IS527,L11.592Y,2024-04-15 23:29:00
BOI-W,2,480249,IS527,L11.592Y,2024-05-29 01:04:00
BOI-W,3,480249,IS527,L11.592Y,2024-08-07 00:33:00
BOI-W,4,480249,IS527,L11.592Y,2024-10-03 00:01:00
BOI-W,5,480249,IS527,L11.592Y,2024-11-25 01:34:00
BOI-W,0,480250,IS528,L11.593A,2024-02-25 23:57:00
BOI-W,1,480250,IS528,L11.593A,2024-04-16 02:44:00
BOI-W,2,480250,IS528,L11.593A,2024-05-29 00:56:00
BOI-W,3,480250,IS528,L11.593A,2024-08-07 02:00:00
BOI-W,4,480250,IS528,L11.593A,2024-10-03 00:47:00
BOI-W,5,480250,IS528,L11.593A,2024-11-25 02:42:00
BOI-Y,0,481243,IS521,L11.585R,2024-02-13 01:09:00
BOI-Y,1,481243,IS521,L11.585R,2024-04-02 00:25:00
BOI-Y,2,481243,IS521,L11.585R,2024-06-05 02:23:00
BOI-Y,3,481243,IS521,L11.585R,2024-07-24 01:46:00
BOI-Y,4,481243,IS521,L11.585R,2024-09-26 01:02:00
BOI-Y,5,481243,IS521,L11.585R,2024-12-04 02:59:00
BOI-Y,0,481244,IS522,L11.586S,2024-02-12 23:46:00
BOI-Y,1,481244,IS522,L11.586S,2024-04-02 02:33:00
BOI-Y,2,481244,IS522,L11.586S,2024-06-05 00:50:00
BOI-Y,3,481244,IS522,L11.586S,2024-07-23 23:51:00
BOI-Y,4,481244,IS522,L11.586S,2024-09-26 02:05:00
BOI-Y,5,481244,IS522,L11.586S,2024-12-04 02:58:00
BOI-Y,0,481245,IS523,L11.587T,2024-02-13 00:59:00
BOI-Y,1,481245,IS523,L11.587T,2024-04-02 02:21:00
BOI-Y,2,481245,IS523,L11.587T,2024-06-05 00:26:00
BOI-Y,3,481245,IS523,L11.587T,2024-07-24 01:08:00
BOI-Y,4,481245,IS523,L11.587T,2024-09-26 00:16:00
BOI-Y,5,481245,IS523,L11.587T,2024-12-04 02:03:00
BOI-Y,0,481246,IS524,L11.588U,2024-02-13 02:00:00
BOI-Y,1,481246,IS524,L11.588U,2024-04-02 00:50:00
BOI-Y,2,481246,IS524,L11.588U,2024-06-04 23:48:00
BOI-Y,3,481246,IS524,L11.588U,2024-07-24 00:20:00
BOI-Y,4,481246,IS524,L11.588U,2024-09-25 23:26:00
BOI-Y,5,481246,IS524,L11.588U,2024-12-04 02:20:00
CHA-W,0,476237,IS388,L10.592K,2024-02-15 01:55:00
CHA-W,1,476237,IS388,L10.592K,2024-04-17 00:27:00
CHA-W,2,476237,IS388,L10.592K,2024-06-13 00:51:00
CHA-W,3,476237,IS388,L10.592K,2024-07-30 01:42:00
CHA-W,4,476237,IS388,L10.592K,2024-10-03 01:21:00
CHA-W,5,476237,IS388,L10.592K,2024-12-02 23:51:00
CHA-W,0,476238,IS389,L10.593L,2024-02-15 00:26:00
CHA-W,1,476238,IS389,L10.593L,2024-04-17 02:58:00
CHA-W,2,476238,IS389,L10.593L,2024-06-13 01:40:00
CHA-W,3,476238,IS389,L10.593L,2024-07-29 23:59:00
CHA-W,4,476238,IS389,L10.593L,2024-10-03 00:08:00
CHA-W,5,476238,IS389,L10.593L,2024-12-02 23:29:00
CHA-W,0,476239,IS390,L10.594M,2024-02-15 00:03:00
CHA-W,1,476239,IS390,L10.594M,2024-04-17 02:43:00
CHA-W,2,476239,IS390,L10.594M,2024-06-13 02:25:00
CHA-W,3,476239,IS390,L10.594M,2024-07-30 01:23:00
CHA-W,4,476239,IS390,L10.594M,2024-10-03 00:19:00
CHA-W,5,476239,IS390,L10.594M,2024-12-03 02:10:00
CHA-W,0,476240,IS391,L10.595N,2024-02-15 02:12:00
CHA-W,1,476240,IS391,L10.595N,2024-04-17 01:14:00
CHA-W,2,476240,IS391,L10.595N,2024-06-13 01:56:00
CHA-W,3,476240,IS391,L10.595N,2024-07-29 23:14:00
CHA-W,4,476240,IS391,L10.595N,2024-10-02 23:35:00
CHA-W,5,476240,IS391,L10.595N,2024-12-03 01:03:00
CHA-W,0,476241,IS392,L10.596P,2024-02-14 23:00:00
CHA-W,1,476241,IS392,L10.596P,2024-04-16 23:57:00
CHA-W,2,476241,IS392,L10.596P,2024-06-13 00:18:00
CHA-W,3,476241,IS392,L10.596P,2024-07-30 01:56:00
CHA-W,4,476241,IS392,L10.596P,2024-10-03 02:54:00
CHA-W,5,476241,IS392,L10.596P,2024-12-03 02:44:00
CHA-W,0,476242,IS393,L10.597R,2024-02-15 02:30:00
CHA-W,1,476242,IS393,L10.597R,2024-04-16 23:26:00
CHA-W,2,476242,IS393,L10.597R,2024-06-13 02:33:00
CHA-W,3,476242,IS393,L10.597R,2024-07-30 00:02:00
CHA-W,4,476242,IS393,L10.597R,2024-10-03 02:21:00
CHA-W,5,476242,IS393,L10.597R,2024-12-02 23:59:00
CHA-Y,0,471230,IS381,L10.584A,2024-02-19 02:22:00
CHA-Y,1,471230,IS381,L10.584A,2024-04-18 02:02:00
CHA-Y,2,471230,IS381,L10.584A,2024-06-04 01:11:00
CHA-Y,3,471230,IS381,L10.584A,2024-07-30 02:56:00
CHA-Y,4,471230,IS381,L10.584A,2024-10-03 00:35:00
CHA-Y,5,471230,IS381,L10.584A,2024-11-28 01:57:00
CHA-Y,0,471231,IS382,L10.585C,2024-02-19 01:04:00
CHA-Y,1,471231,IS382,L10.585C,2024-04-18 00:14:00
CHA-Y,2,471231,IS382,L10.585C,2024-06-04 02:49:00
CHA-Y,3,471231,IS382,L10.585C,2024-07-30 01:39:00
CHA-Y,4,471231,IS382,L10.585C,2024-10-03 02:42:00
CHA-Y,5,471231,IS382,L10.585C,2024-11-28 00:14:00
CHA-Y,0,471232,IS383,L10.586D,2024-02-19 02:48:00
CHA-Y,1,471232,IS383,L10.586D,2024-04-18 02:26:00
CHA-Y,2,471232,IS383,L10.586D,2024-06-04 02:37:00
CHA-Y,3,471232,IS383,L10.586D,2024-07-30 01:08:00
CHA-Y,4,471232,IS383,L10.586D,2024-10-03 02:33:00
CHA-Y,5,471232,IS383,L10.586D,2024-11-28 01:25:00
CHA-Y,0,471233,IS384,L10.587E,2024-02-19 01:19:00
CHA-Y,1,471233,IS384,L10.587E,2024-04-18 02:10:00
CHA-Y,2,471233,IS384,L10.587E,2024-06-03 23:31:00
CHA-Y,3,471233,IS384,L10.587E,2024-07-30 02:29:00
CHA-Y,4,471233,IS384,L10.587E,2024-10-03 01:35:00
CHA-Y,5,471233,IS384,L10.587E,2024-11-28 00:02:00
CHA-Y,0,471234,IS385,L10.588F,2024-02-19 02:08:00
CHA-Y,1,471234,IS385,L10.588F,2024-04-18 02:18:00
CHA-Y,2,471234,IS385,L10.588F,2024-06-04 01:45:00
CHA-Y,3,471234,IS385,L10.588F,2024-07-30 01:16:00
CHA-Y,4,471234,IS385,L10.588F,2024-10-03 02:56:00
CHA-Y,5,471234,IS385,L10.588F,2024-11-28 02:42:00
CHA-Y,0,471235,IS386,L10.589G,2024-02-19 01:53:00
CHA-Y,1,471235,IS386,L10.589G,2024-04-18 02:42:00
CHA-Y,2,471235,IS386,L10.589G,2024-06-03 23:08:00
CHA-Y,3,471235,IS386,L10.589G,2024-07-30 00:59:00
CHA-Y,4,471235,IS386,L10.589G,2024-10-02 23:39:00
CHA-Y,5,471235,IS386,L10.589G,2024-11-28 02:29:00
CHA-Y,0,471236,IS387,L10.591J,2024-02-19 02:38:00
CHA-Y,1,471236,IS387,L10.591J,2024-04-18 01:34:00
CHA-Y,2,471236,IS387,L10.591J,2024-06-04 01:54:00
CHA-Y,3,471236,IS387,L10.591J,2024-07-29 23:22:00
CHA-Y,4,471236,IS387,L10.591J,2024-10-02 23:10:00
CHA-Y,5,471236,IS387,L10.591J,2024-11-28 00:33:00
CHE,0,485383,IS492,L10.666X,2024-02-21 00:48:00
CHE,1,485383,IS492,L10.666X,2024-04-08 00:41:00
CHE,2,485383,IS492,L10.666X,2024-06-04 01:23:00
CHE,3,485383,IS492,L10.666X,2024-07-22 02:40:00
CHE,4,485383,IS492,L10.666X,2024-09-26 01:19:00
CHE,5,485383,IS492,L10.666X,2024-11-24 23:15:00
CHE,0,485384,IS493,L10.667Y,2024-02-21 01:03:00
CHE,1,485384,IS493,L10.667Y,2024-04-08 01:02:00
CHE,2,485384,IS493,L10.667Y,2024-06-04 01:58:00
CHE,3,485384,IS493,L10.667Y,2024-07-22 02:10:00
CHE,4,485384,IS493,L10.667Y,2024-09-26 02:56:00
CHE,5,485384,IS493,L10.667Y,2024-11-25 01:38:00
FLF-W,0,482354,IS423,L10.615M,2024-02-13 01:39:00
FLF-W,1,482354,IS423,L10.615M,2024-04-02 02:27:00
FLF-W,2,482354,IS423,L10.615M,2024-06-20 02:09:00
FLF-W,3,482354,IS423,L10.615M,2024-08-08 00:19:00
FLF-W,4,482354,IS423,L10.615M,2024-09-25 01:34:00
FLF-W,5,482354,IS423,L10.615M,2024-11-18 01:43:00
FLF-W,0,482355,IS424,L10.616N,2024-02-13 01:16:00
FLF-W,1,482355,IS424,L10.616N,2024-04-02 02:22:00
FLF-W,2,482355,IS424,L10.616N,2024-06-20 00:07:00
FLF-W,3,482355,IS424,L10.616N,2024-08-08 00:43:00
FLF-W,4,482355,IS424,L10.616N,2024-09-24 23:19:00
FLF-W,5,482355,IS424,L10.616N,2024-11-18 00:14:00
FLF-W,0,482388,IS423A,L11.918M,2024-02-13 01:04:00
FLF-W,1,482388,IS423A,L11.918M,2024-04-01 23:01:00
FLF-W,2,482388,IS423A,L11.918M,2024-06-19 23:32:00
FLF-W,3,482388,IS423A,L11.918M,2024-08-07 23:27:00
FLF-W,4,482388,IS423A,L11.918M,2024-09-25 00:09:00
FLF-W,5,482388,IS423A,L11.918M,2024-11-18 00:12:00
FLF-W,0,482389,IS423B,L11.919N,2024-02-12 23:27:00
FLF-W,1,482389,IS423B,L11.919N,2024-04-02 02:26:00
FLF-W,2,482389,IS423B,L11.919N,2024-06-20 02:34:00
FLF-W,3,482389,IS423B,L11.919N,2024-08-08 00:21:00
FLF-W,4,482389,IS423B,L11.919N,2024-09-25 02:56:00
FLF-W,5,482389,IS423B,L11.919N,2024-11-17 23:45:00
FLF-Y,0,483352,IS421,L10.613K,2024-02-06 00:14:00
FLF-Y,1,483352,IS421,L10.613K,2024-04-14 23:25:00
FLF-Y,2,483352,IS421,L10.613K,2024-06-17 00:22:00
FLF-Y,3,483352,IS421,L10.613K,2024-08-13 02:18:00
FLF-Y,4,483352,IS421,L10.613K,2024-09-23 01:34:00
FLF-Y,5,483352,IS421,L10.613K,2024-11-14 01:24:00
FLF-Y,0,483353,IS422,L10.614L,2024-02-05 23:28:00
FLF-Y,1,483353,IS422,L10.614L,2024-04-15 02:47:00
FLF-Y,2,483353,IS422,L10.614L,2024-06-17 01:17:00
FLF-Y,3,483353,IS422,L10.614L,2024-08-13 00:53:00
FLF-Y,4,483353,IS422,L10.614L,2024-09-23 01:40:00
FLF-Y,5,483353,IS422,L10.614L,2024-11-14 01:04:00
FLF-Y,0,483386,IS421A,L11.916K,2024-02-06 00:40:00
FLF-Y,1,483386,IS421A,L11.916K,2024-04-15 02:30:00
FLF-Y,2,483386,IS421A,L11.916K,2024-06-17 00:04:00
FLF-Y,3,483386,IS421A,L11.916K,2024-08-13 00:50:00
FLF-Y,4,483386,IS421A,L11.916K,2024-09-23 00:35:00
FLF-Y,5,483386,IS421A,L11.916K,2024-11-14 00:26:00
FLF-Y,0,483387,IS421B,L11.917L,2024-02-06 00:17:00
FLF-Y,1,483387,IS421B,L11.917L,2024-04-15 01:09:00
FLF-Y,2,483387,IS421B,L11.917L,2024-06-16 23:41:00
FLF-Y,3,483387,IS421B,L11.917L,2024-08-13 00:18:00
FLF-Y,4,483387,IS421B,L11.917L,2024-09-23 00:40:00
FLF-Y,5,483387,IS421B,L11.917L,2024-11-14 02:28:00
FRE&ANT-E,0,475311,IS302,L10.533P,2024-02-20 00:44:00
FRE&ANT-E,1,475311,IS302,L10.533P,2024-04-17 01:12:00
FRE&ANT-E,2,475311,IS302,L10.533P,2024-06-18 02:14:00
FRE&ANT-E,3,475311,IS302,L10.533P,2024-08-01 01:53:00
FRE&ANT-E,4,475311,IS302,L10.533P,2024-10-08 00:07:00
FRE&ANT-E,5,475311,IS302,L10.533P,2024-12-04 02:30:00
FRE&ANT-E,0,475317,IS316,L10.539W,2024-02-20 00:11:00
FRE&ANT-E,1,475317,IS316,L10.539W,2024-04-16 23:18:00
FRE&ANT-E,2,475317,IS316,L10.539W,2024-06-18 01:12:00
FRE&ANT-E,3,475317,IS316,L10.539W,2024-08-01 02:00:00
FRE&ANT-E,4,475317,IS316,L10.539W,2024-10-08 01:40:00
FRE&ANT-E,5,475317,IS316,L10.539W,2024-12-04 01:59:00
FRE&ANT-E,0,475318,IS317,L10.541Y,2024-02-19 23:22:00
FRE&ANT-E,1,475318,IS317,L10.541Y,2024-04-16 23:11:00
FRE&ANT-E,2,475318,IS317,L10.541Y,2024-06-18 01:46:00
FRE&ANT-E,3,475318,IS317,L10.541Y,2024-08-01 01:28:00
FRE&ANT-E,4,475318,IS317,L10.541Y,2024-10-08 01:03:00
FRE&ANT-E,5,475318,IS317,L10.541Y,2024-12-04 00:53:00
FRE&ANT-E,0,475319,IS318,L10.542A,2024-02-19 23:38:00
FRE&ANT-E,1,475319,IS318,L10.542A,2024-04-17 01:17:00
FRE&ANT-E,2,475319,IS318,L10.542A,2024-06-18 00:46:00
FRE&ANT-E,3,475319,IS318,L10.542A,2024-07-31 23:11:00
FRE&ANT-E,4,475319,IS318,L10.542A,2024-10-07 23:29:00
FRE&ANT-E,5,475319,IS318,L10.542A,2024-12-04 01:05:00
FRE&ANT-E,0,475320,IS319,L10.543C,2024-02-20 00:31:00
FRE&ANT-E,1,475320,IS319,L10.543C,2024-04-16 23:45:00
FRE&ANT-E,2,475320,IS319,L10.543C,2024-06-18 02:28:00
FRE&ANT-E,3,475320,IS319,L10.543C,2024-07-31 23:02:00
FRE&ANT-E,4,475320,IS319,L10.543C,2024-10-08 02:33:00
FRE&ANT-E,5,475320,IS319,L10.543C,2024-12-04 02:26:00
FRE&ANT-E,0,475321,IS320,L10.544D,2024-02-19 23:50:00
FRE&ANT-E,1,475321,IS320,L10.544D,2024-04-16 23:37:00
FRE&ANT-E,2,475321,IS320,L10.544D,2024-06-18 00:34:00
FRE&ANT-E,3,475321,IS320,L10.544D,2024-08-01 00:57:00
FRE&ANT-E,4,475321,IS320,L10.544D,2024-10-07 23:51:00
FRE&ANT-E,5,475321,IS320,L10.544D,2024-12-04 00:39:00
FRE&ANT-I,0,474310,IS301,L10.532N,2024-02-12 02:44:00
FRE&ANT-I,1,474310,IS301,L10.532N,2024-04-09 01:48:00
FRE&ANT-I,2,474310,IS301,L10.532N,2024-06-10 23:38:00
FRE&ANT-I,3,474310,IS301,L10.532N,2024-07-29 23:49:00
FRE&ANT-I,4,474310,IS301,L10.532N,2024-09-24 02:43:00
FRE&ANT-I,5,474310,IS301,L10.532N,2024-12-02 00:06:00
FRE&ANT-I,0,474312,IS311,L10.534R,2024-02-11 23:41:00
FRE&ANT-I,1,474312,IS311,L10.534R,2024-04-09 01:45:00
FRE&ANT-I,2,474312,IS311,L10.534R,2024-06-10 23:38:00
FRE&ANT-I,3,474312,IS311,L10.534R,2024-07-29 23:16:00
FRE&ANT-I,4,474312,IS311,L10.534R,2024-09-24 01:52:00
FRE&ANT-I,5,474312,IS311,L10.534R,2024-12-02 01:54:00
FRE&ANT-I,0,474313,IS312,L10.535S,2024-02-11 23:36:00
FRE&ANT-I,1,474313,IS312,L10.535S,2024-04-09 00:04:00
FRE&ANT-I,2,474313,IS312,L10.535S,2024-06-10 23:57:00
FRE&ANT-I,3,474313,IS312,L10.535S,2024-07-30 01:07:00
FRE&ANT-I,4,474313,IS312,L10.535S,2024-09-24 02:52:00
FRE&ANT-I,5,474313,IS312,L10.535S,2024-12-02 01:11:00
FRE&ANT-I,0,474314,IS313,L10.536T,2024-02-12 02:18:00
FRE&ANT-I,1,474314,IS313,L10.536T,2024-04-09 02:49:00
FRE&ANT-I,2,474314,IS313,L10.536T,2024-06-11 02:41:00
FRE&ANT-I,3,474314,IS313,L10.536T,2024-07-30 02:11:00
FRE&ANT-I,4,474314,IS313,L10.536T,2024-09-24 01:00:00
FRE&ANT-I,5,474314,IS313,L10.536T,2024-12-02 02:27:00
FRE&ANT-I,0,474315,IS314,L10.537U,2024-02-12 00:44:00
FRE&ANT-I,1,474315,IS314,L10.537U,2024-04-09 00:41:00
FRE&ANT-I,2,474315,IS314,L10.537U,2024-06-10 23:09:00
FRE&ANT-I,3,474315,IS314,L10.537U,2024-07-29 23:36:00
FRE&ANT-I,4,474315,IS314,L10.537U,2024-09-24 00:41:00
FRE&ANT-I,5,474315,IS314,L10.537U,2024-12-02 00:11:00
FRE&ANT-I,0,474316,IS315,L10.538V,2024-02-12 02:25:00
FRE&ANT-I,1,474316,IS315,L10.538V,2024-04-09 02:58:00
FRE&ANT-I,2,474316,IS315,L10.538V,2024-06-10 23:09:00
FRE&ANT-I,3,474316,IS315,L10.538V,2024-07-30 02:19:00
FRE&ANT-I,4,474316,IS315,L10.538V,2024-09-24 00:49:00
FRE&ANT-I,5,474316,IS315,L10.538V,2024-12-02 02:14:00
GMO&MOU-E,0,461209,IS276,L10.508K,2024-02-19 23:58:00
GMO&MOU-E,1,461209,IS276,L10.508K,2024-04-10 02:40:00
GMO&MOU-E,2,461209,IS276,L10.508K,2024-06-06 02:19:00
GMO&MOU-E,3,461209,IS276,L10.508K,2024-07-23 01:57:00
GMO&MOU-E,4,461209,IS276,L10.508K,2024-09-15 23:36:00
GMO&MOU-E,5,461209,IS276,L10.508K,2024-11-17 23:36:00
GMO&MOU-E,0,461210,IS277,L10.509L,2024-02-20 02:43:00
GMO&MOU-E,1,461210,IS277,L10.509L,2024-04-10 02:37:00
GMO&MOU-E,2,461210,IS277,L10.509L,2024-06-05 23:40:00
GMO&MOU-E,3,461210,IS277,L10.509L,2024-07-23 00:42:00
GMO&MOU-E,4,461210,IS277,L10.509L,2024-09-16 02:18:00
GMO&MOU-E,5,461210,IS277,L10.509L,2024-11-18 02:46:00
GMO&MOU-E,0,461211,IS278,L10.511N,2024-02-20 01:29:00
GMO&MOU-E,1,461211,IS278,L10.511N,2024-04-10 00:06:00
GMO&MOU-E,2,461211,IS278,L10.511N,2024-06-06 02:10:00
GMO&MOU-E,3,461211,IS278,L10.511N,2024-07-23 01:56:00
GMO&MOU-E,4,461211,IS278,L10.511N,2024-09-16 00:52:00
GMO&MOU-E,5,461211,IS278,L10.511N,2024-11-18 02:26:00
GMO&MOU-E,0,461212,IS279,L10.512P,2024-02-20 02:16:00
GMO&MOU-E,1,461212,IS279,L10.512P,2024-04-10 00:33:00
GMO&MOU-E,2,461212,IS279,L10.512P,2024-06-05 23:01:00
GMO&MOU-E,3,461212,IS279,L10.512P,2024-07-23 01:35:00
GMO&MOU-E,4,461212,IS279,L10.512P,2024-09-16 02:22:00
GMO&MOU-E,5,461212,IS279,L10.512P,2024-11-18 00:41:00
GMO&MOU-E,0,461213,IS280,L10.513R,2024-02-20 01:44:00
GMO&MOU-E,1,461213,IS280,L10.513R,2024-04-10 01:54:00
GMO&MOU-E,2,461213,IS280,L10.513R,2024-06-06 00:58:00
GMO&MOU-E,3,461213,IS280,L10.513R,2024-07-22 23:39:00
GMO&MOU-E,4,461213,IS280,L10.513R,2024-09-15 23:07:00
GMO&MOU-E,5,461213,IS280,L10.513R,2024-11-18 01:14:00
GMO&MOU-E,0,461220,IS287,L10.521A,2024-02-20 00:46:00
GMO&MOU-E,1,461220,IS287,L10.521A,2024-04-10 01:25:00
GMO&MOU-E,2,461220,IS287,L10.521A,2024-06-06 01:54:00
GMO&MOU-E,3,461220,IS287,L10.521A,2024-07-22 23:37:00
GMO&MOU-E,4,461220,IS287,L10.521A,2024-09-15 23:15:00
GMO&MOU-E,5,461220,IS287,L10.521A,2024-11-18 01:09:00
GMO&MOU-E,0,461221,IS288,L10.522C,2024-02-20 02:06:00
GMO&MOU-E,1,461221,IS288,L10.522C,2024-04-09 23:47:00
GMO&MOU-E,2,461221,IS288,L10.522C,2024-06-06 02:38:00
GMO&MOU-E,3,461221,IS288,L10.522C,2024-07-23 00:56:00
GMO&MOU-E,4,461221,IS288,L10.522C,2024-09-16 02:07:00
GMO&MOU-E,5,461221,IS288,L10.522C,2024-11-17 23:23:00
GMO&MOU-E,0,461222,IS289,L10.523D,2024-02-20 02:35:00
GMO&MOU-E,1,461222,IS289,L10.523D,2024-04-10 02:42:00
GMO&MOU-E,2,461222,IS289,L10.523D,2024-06-06 00:52:00
GMO&MOU-E,3,461222,IS289,L10.523D,2024-07-23 00:46:00
GMO&MOU-E,4,461222,IS289,L10.523D,2024-09-16 02:34:00
GMO&MOU-E,5,461222,IS289,L10.523D,2024-11-17 23:31:00
GMO&MOU-E,0,461223,IS290,L10.524E,2024-02-19 23:25:00
GMO&MOU-E,1,461223,IS290,L10.524E,2024-04-09 23:08:00
GMO&MOU-E,2,461223,IS290,L10.524E,2024-06-06 01:55:00
GMO&MOU-E,3,461223,IS290,L10.524E,2024-07-23 01:06:00
GMO&MOU-E,4,461223,IS290,L10.524E,2024-09-15 23:39:00
GMO&MOU-E,5,461223,IS290,L10.524E,2024-11-18 02:47:00
GMO&MOU-E,0,461224,IS291,L10.525F,2024-02-20 02:18:00
GMO&MOU-E,1,461224,IS291,L10.525F,2024-04-10 00:01:00
GMO&MOU-E,2,461224,IS291,L10.525F,2024-06-05 23:12:00
GMO&MOU-E,3,461224,IS291,L10.525F,2024-07-23 01:05:00
GMO&MOU-E,4,461224,IS291,L10.525F,2024-09-16 01:48:00
GMO&MOU-E,5,461224,IS291,L10.525F,2024-11-18 00:58:00
GMO&MOU-E,0,461225,IS292,L10.526G,2024-02-20 00:20:00
GMO&MOU-E,1,461225,IS292,L10.526G,2024-04-10 00:53:00
GMO&MOU-E,2,461225,IS292,L10.526G,2024-06-06 02:05:00
GMO&MOU-E,3,461225,IS292,L10.526G,2024-07-23 00:59:00
GMO&MOU-E,4,461225,IS292,L10.526G,2024-09-16 00:38:00
GMO&MOU-E,5,461225,IS292,L10.526G,2024-11-18 01:54:00
GMO&MOU-E,0,461226,IS293,L10.527H,2024-02-19 23:10:00
GMO&MOU-E,1,461226,IS293,L10.527H,2024-04-10 02:48:00
GMO&MOU-E,2,461226,IS293,L10.527H,2024-06-05 23:48:00
GMO&MOU-E,3,461226,IS293,L10.527H,2024-07-23 02:57:00
GMO&MOU-E,4,461226,IS293,L10.527H,2024-09-16 00:46:00
GMO&MOU-E,5,461226,IS293,L10.527H,2024-11-18 00:06:00
GMO&MOU-E,0,461227,IS294,L10.528J,2024-02-19 23:21:00
GMO&MOU-E,1,461227,IS294,L10.528J,2024-04-10 01:50:00
GMO&MOU-E,2,461227,IS294,L10.528J,2024-06-06 02:43:00
GMO&MOU-E,3,461227,IS294,L10.528J,2024-07-23 02:58:00
GMO&MOU-E,4,461227,IS294,L10.528J,2024-09-16 00:01:00
GMO&MOU-E,5,461227,IS294,L10.528J,2024-11-18 02:39:00
GMO&MOU-E,0,461228,IS295,L10.529K,2024-02-20 01:56:00
GMO&MOU-E,1,461228,IS295,L10.529K,2024-04-10 00:35:00
GMO&MOU-E,2,461228,IS295,L10.529K,2024-06-06 02:22:00
GMO&MOU-E,3,461228,IS295,L10.529K,2024-07-23 00:06:00
GMO&MOU-E,4,461228,IS295,L10.529K,2024-09-16 02:12:00
GMO&MOU-E,5,461228,IS295,L10.529K,2024-11-17 23:06:00
GMO&MOU-E,0,461229,IS296,L10.531M,2024-02-20 00:25:00
GMO&MOU-E,1,461229,IS296,L10.531M,2024-04-10 01:11:00
GMO&MOU-E,2,461229,IS296,L10.531M,2024-06-06 01:47:00
GMO&MOU-E,3,461229,IS296,L10.531M,2024-07-23 02:54:00
GMO&MOU-E,4,461229,IS296,L10.531M,2024-09-16 02:40:00
GMO&MOU-E,5,461229,IS296,L10.531M,2024-11-17 23:50:00
GMO&MOU-I,0,464204,IS271,L10.503E,2024-02-06 00:59:00
GMO&MOU-I,1,464204,IS271,L10.503E,2024-04-24 00:50:00
GMO&MOU-I,2,464204,IS271,L10.503E,2024-06-17 01:49:00
GMO&MOU-I,3,464204,IS271,L10.503E,2024-07-31 02:31:00
GMO&MOU-I,4,464204,IS271,L10.503E,2024-09-24 02:38:00
GMO&MOU-I,5,464204,IS271,L10.503E,2024-11-20 01:27:00
GMO&MOU-I,0,464205,IS272,L10.504F,2024-02-06 00:18:00
GMO&MOU-I,1,464205,IS272,L10.504F,2024-04-24 02:59:00
GMO&MOU-I,2,464205,IS272,L10.504F,2024-06-16 23:32:00
GMO&MOU-I,3,464205,IS272,L10.504F,2024-07-31 02:24:00
GMO&MOU-I,4,464205,IS272,L10.504F,2024-09-24 01:14:00
GMO&MOU-I,5,464205,IS272,L10.504F,2024-11-20 01:58:00
GMO&MOU-I,0,464206,IS273,L10.505G,2024-02-06 02:07:00
GMO&MOU-I,1,464206,IS273,L10.505G,2024-04-24 02:18:00
GMO&MOU-I,2,464206,IS273,L10.505G,2024-06-17 02:17:00
GMO&MOU-I,3,464206,IS273,L10.505G,2024-07-31 02:59:00
GMO&MOU-I,4,464206,IS273,L10.505G,2024-09-24 01:46:00
GMO&MOU-I,5,464206,IS273,L10.505G,2024-11-20 01:59:00
GMO&MOU-I,0,464207,IS274,L10.506H,2024-02-06 02:47:00
GMO&MOU-I,1,464207,IS274,L10.506H,2024-04-24 02:48:00
GMO&MOU-I,2,464207,IS274,L10.506H,2024-06-17 01:18:00
GMO&MOU-I,3,464207,IS274,L10.506H,2024-07-31 02:28:00
GMO&MOU-I,4,464207,IS274,L10.506H,2024-09-24 01:43:00
GMO&MOU-I,5,464207,IS274,L10.506H,2024-11-19 23:51:00
GMO&MOU-I,0,464208,IS275,L10.507J,2024-02-05 23:48:00
GMO&MOU-I,1,464208,IS275,L10.507J,2024-04-23 23:26:00
GMO&MOU-I,2,464208,IS275,L10.507J,2024-06-17 00:35:00
GMO&MOU-I,3,464208,IS275,L10.507J,2024-07-31 00:52:00
GMO&MOU-I,4,464208,IS275,L10.507J,2024-09-24 00:03:00
GMO&MOU-I,5,464208,IS275,L10.507J,2024-11-19 23:46:00
GMO&MOU-I,0,464214,IS281,L10.514S,2024-02-06 00:11:00
GMO&MOU-I,1,464214,IS281,L10.514S,2024-04-24 00:52:00
GMO&MOU-I,2,464214,IS281,L10.514S,2024-06-17 01:03:00
GMO&MOU-I,3,464214,IS281,L10.514S,2024-07-30 23:38:00
GMO&MOU-I,4,464214,IS281,L10.514S,2024-09-24 01:55:00
GMO&MOU-I,5,464214,IS281,L10.514S,2024-11-19 23:38:00
GMO&MOU-I,0,464215,IS282,L10.515T,2024-02-05 23:05:00
GMO&MOU-I,1,464215,IS282,L10.515T,2024-04-24 02:03:00
GMO&MOU-I,2,464215,IS282,L10.515T,2024-06-16 23:03:00
GMO&MOU-I,3,464215,IS282,L10.515T,2024-07-30 23:12:00
GMO&MOU-I,4,464215,IS282,L10.515T,2024-09-24 02:34:00
GMO&MOU-I,5,464215,IS282,L10.515T,2024-11-19 23:25:00
GMO&MOU-I,0,464216,IS283,L10.516U,2024-02-05 23:41:00
GMO&MOU-I,1,464216,IS283,L10.516U,2024-04-23 23:59:00
GMO&MOU-I,2,464216,IS283,L10.516U,2024-06-16 23:26:00
GMO&MOU-I,3,464216,IS283,L10.516U,2024-07-31 01:19:00
GMO&MOU-I,4,464216,IS283,L10.516U,2024-09-24 01:52:00
GMO&MOU-I,5,464216,IS283,L10.516U,2024-11-20 01:55:00
GMO&MOU-I,0,464217,IS284,L10.517V,2024-02-06 00:12:00
GMO&MOU-I,1,464217,IS284,L10.517V,2024-04-23 23:54:00
GMO&MOU-I,2,464217,IS284,L10.517V,2024-06-17 01:13:00
GMO&MOU-I,3,464217,IS284,L10.517V,2024-07-31 01:47:00
GMO&MOU-I,4,464217,IS284,L10.517V,2024-09-23 23:07:00
GMO&MOU-I,5,464217,IS284,L10.517V,2024-11-20 01:27:00
GMO&MOU-I,0,464218,IS285,L10.518W,2024-02-05 23:48:00
GMO&MOU-I,1,464218,IS285,L10.518W,2024-04-24 00:07:00
GMO&MOU-I,2,464218,IS285,L10.518W,2024-06-17 00:01:00
GMO&MOU-I,3,464218,IS285,L10.518W,2024-07-31 00:22:00
GMO&MOU-I,4,464218,IS285,L10.518W,2024-09-24 00:17:00
GMO&MOU-I,5,464218,IS285,L10.518W,2024-11-19 23:21:00
GMO&MOU-I,0,464219,IS286,L10.519X,2024-02-06 01:40:00
GMO&MOU-I,1,464219,IS286,L10.519X,2024-04-23 23:38:00
GMO&MOU-I,2,464219,IS286,L10.519X,2024-06-17 01:01:00
GMO&MOU-I,3,464219,IS286,L10.519X,2024-07-31 01:55:00
GMO&MOU-I,4,464219,IS286,L10.519X,2024-09-24 00:07:00
GMO&MOU-I,5,464219,IS286,L10.519X,2024-11-20 01:31:00
LAN-W,0,467294,IS361,L10.573M,2024-02-08 02:01:00
LAN-W,1,467294,IS361,L10.573M,2024-04-15 01:18:00
LAN-W,2,467294,IS361,L10.573M,2024-05-28 02:36:00
LAN-W,3,467294,IS361,L10.573M,2024-08-14 00:23:00
LAN-W,4,467294,IS361,L10.573M,2024-10-10 02:34:00
LAN-W,5,467294,IS361,L10.573M,2024-12-03 00:48:00
LAN-W,0,467295,IS362,L10.574N,2024-02-07 23:00:00
LAN-W,1,467295,IS362,L10.574N,2024-04-15 01:23:00
LAN-W,2,467295,IS362,L10.574N,2024-05-28 02:49:00
LAN-W,3,467295,IS362,L10.574N,2024-08-14 00:59:00
LAN-W,4,467295,IS362,L10.574N,2024-10-10 00:01:00
LAN-W,5,467295,IS362,L10.574N,2024-12-03 00:19:00
LAN-W,0,467296,IS363,L10.575P,2024-02-07 23:49:00
LAN-W,1,467296,IS363,L10.575P,2024-04-15 02:04:00
LAN-W,2,467296,IS363,L10.575P,2024-05-28 02:32:00
LAN-W,3,467296,IS363,L10.575P,2024-08-14 01:02:00
LAN-W,4,467296,IS363,L10.575P,2024-10-10 02:31:00
LAN-W,5,467296,IS363,L10.575P,2024-12-03 01:07:00
LAN-W,0,467297,IS364,L10.576R,2024-02-08 02:48:00
LAN-W,1,467297,IS364,L10.576R,2024-04-15 02:45:00
LAN-W,2,467297,IS364,L10.576R,2024-05-28 02:14:00
LAN-W,3,467297,IS364,L10.576R,2024-08-14 01:31:00
LAN-W,4,467297,IS364,L10.576R,2024-10-10 01:47:00
LAN-W,5,467297,IS364,L10.576R,2024-12-03 00:18:00
LAN-W,0,467298,IS365,L10.577S,2024-02-08 01:31:00
LAN-W,1,467298,IS365,L10.577S,2024-04-15 00:17:00
LAN-W,2,467298,IS365,L10.577S,2024-05-28 00:03:00
LAN-W,3,467298,IS365,L10.577S,2024-08-14 02:53:00
LAN-W,4,467298,IS365,L10.577S,2024-10-10 00:50:00
LAN-W,5,467298,IS365,L10.577S,2024-12-03 01:24:00
LAN-W,0,467299,IS366,L10.578T,2024-02-08 01:37:00
LAN-W,1,467299,IS366,L10.578T,2024-04-15 02:39:00
LAN-W,2,467299,IS366,L10.578T,2024-05-27 23:40:00
LAN-W,3,467299,IS366,L10.578T,2024-08-13 23:58:00
LAN-W,4,467299,IS366,L10.578T,2024-10-10 01:40:00
LAN-W,5,467299,IS366,L10.578T,2024-12-03 01:24:00
LAN-W,0,467300,IS367,L10.579U,2024-02-08 00:17:00
LAN-W,1,467300,IS367,L10.579U,2024-04-15 00:24:00
LAN-W,2,467300,IS367,L10.579U,2024-05-27 23:54:00
LAN-W,3,467300,IS367,L10.579U,2024-08-14 02:17:00
LAN-W,4,467300,IS367,L10.579U,2024-10-10 02:12:00
LAN-W,5,467300,IS367,L10.579U,2024-12-03 00:10:00
LAN-W,0,467301,IS368,L10.581W,2024-02-08 01:33:00
LAN-W,1,467301,IS368,L10.581W,2024-04-15 02:54:00
LAN-W,2,467301,IS368,L10.581W,2024-05-27 23:10:00
LAN-W,3,467301,IS368,L10.581W,2024-08-13 23:45:00
LAN-W,4,467301,IS368,L10.581W,2024-10-10 00:18:00
LAN-W,5,467301,IS368,L10.581W,2024-12-03 02:44:00
LAN-W,0,467302,IS369,L10.582X,2024-02-08 02:53:00
LAN-W,1,467302,IS369,L10.582X,2024-04-15 00:28:00
LAN-W,2,467302,IS369,L10.582X,2024-05-28 02:08:00
LAN-W,3,467302,IS369,L10.582X,2024-08-14 00:56:00
LAN-W,4,467302,IS369,L10.582X,2024-10-10 01:11:00
LAN-W,5,467302,IS369,L10.582X,2024-12-03 02:01:00
LAN-W,0,467303,IS370,L10.583Y,2024-02-08 01:02:00
LAN-W,1,467303,IS370,L10.583Y,2024-04-15 01:42:00
LAN-W,2,467303,IS370,L10.583Y,2024-05-28 00:37:00
LAN-W,3,467303,IS370,L10.583Y,2024-08-14 02:47:00
LAN-W,4,467303,IS370,L10.583Y,2024-10-10 00:20:00
LAN-W,5,467303,IS370,L10.583Y,2024-12-03 00:11:00
LAN-Y,0,466284,IS351,L10.562Y,2024-02-22 02:17:00
LAN-Y,1,466284,IS351,L10.562Y,2024-04-04 00:52:00
LAN-Y,2,466284,IS351,L10.562Y,2024-06-10 02:51:00
LAN-Y,3,466284,IS351,L10.562Y,2024-08-12 02:41:00
LAN-Y,4,466284,IS351,L10.562Y,2024-10-02 02:07:00
LAN-Y,5,466284,IS351,L10.562Y,2024-11-11 23:38:00
LAN-Y,0,466285,IS352,L10.563A,2024-02-22 00:18:00
LAN-Y,1,466285,IS352,L10.563A,2024-04-04 01:07:00
LAN-Y,2,466285,IS352,L10.563A,2024-06-10 01:27:00
LAN-Y,3,466285,IS352,L10.563A,2024-08-11 23:30:00
LAN-Y,4,466285,IS352,L10.563A,2024-10-02 01:18:00
LAN-Y,5,466285,IS352,L10.563A,2024-11-11 23:29:00
LAN-Y,0,466286,IS353,L10.564C,2024-02-21 23:47:00
LAN-Y,1,466286,IS353,L10.564C,2024-04-04 00:28:00
LAN-Y,2,466286,IS353,L10.564C,2024-06-09 23:55:00
LAN-Y,3,466286,IS353,L10.564C,2024-08-12 02:43:00
LAN-Y,4,466286,IS353,L10.564C,2024-10-02 00:07:00
LAN-Y,5,466286,IS353,L10.564C,2024-11-12 00:27:00
LAN-Y,0,466287,IS354,L10.565D,2024-02-22 01:53:00
LAN-Y,1,466287,IS354,L10.565D,2024-04-04 02:05:00
LAN-Y,2,466287,IS354,L10.565D,2024-06-10 00:31:00
LAN-Y,3,466287,IS354,L10.565D,2024-08-12 00:33:00
LAN-Y,4,466287,IS354,L10.565D,2024-10-01 23:33:00
LAN-Y,5,466287,IS354,L10.565D,2024-11-12 01:59:00
LAN-Y,0,466288,IS355,L10.566E,2024-02-22 00:14:00
LAN-Y,1,466288,IS355,L10.566E,2024-04-03 23:06:00
LAN-Y,2,466288,IS355,L10.566E,2024-06-10 01:29:00
LAN-Y,3,466288,IS355,L10.566E,2024-08-12 02:42:00
LAN-Y,4,466288,IS355,L10.566E,2024-10-01 23:41:00
LAN-Y,5,466288,IS355,L10.566E,2024-11-12 00:08:00
LAN-Y,0,466289,IS356,L10.567F,2024-02-22 01:59:00
LAN-Y,1,466289,IS356,L10.567F,2024-04-04 02:45:00
LAN-Y,2,466289,IS356,L10.567F,2024-06-10 01:04:00
LAN-Y,3,466289,IS356,L10.567F,2024-08-12 00:48:00
LAN-Y,4,466289,IS356,L10.567F,2024-10-01 23:04:00
LAN-Y,5,466289,IS356,L10.567F,2024-11-11 23:09:00
LAN-Y,0,466290,IS357,L10.568G,2024-02-22 01:13:00
LAN-Y,1,466290,IS357,L10.568G,2024-04-04 02:07:00
LAN-Y,2,466290,IS357,L10.568G,2024-06-10 02:58:00
LAN-Y,3,466290,IS357,L10.568G,2024-08-12 02:32:00
LAN-Y,4,466290,IS357,L10.568G,2024-10-02 02:54:00
LAN-Y,5,466290,IS357,L10.568G,2024-11-12 01:56:00
LAN-Y,0,466291,IS358,L10.569H,2024-02-22 01:40:00
LAN-Y,1,466291,IS358,L10.569H,2024-04-03 23:18:00
LAN-Y,2,466291,IS358,L10.569H,2024-06-09 23:13:00
LAN-Y,3,466291,IS358,L10.569H,2024-08-12 02:25:00
LAN-Y,4,466291,IS358,L10.569H,2024-10-02 00:23:00
LAN-Y,5,466291,IS358,L10.569H,2024-11-12 01:25:00
LAN-Y,0,466292,IS359,L10.571K,2024-02-21 23:09:00
LAN-Y,1,466292,IS359,L10.571K,2024-04-03 23:14:00
LAN-Y,2,466292,IS359,L10.571K,2024-06-10 00:28:00
LAN-Y,3,466292,IS359,L10.571K,2024-08-12 02:39:00
LAN-Y,4,466292,IS359,L10.571K,2024-10-02 02:29:00
LAN-Y,5,466292,IS359,L10.571K,2024-11-12 01:36:00
LAN-Y,0,466293,IS360,L10.572L,2024-02-22 00:47:00
LAN-Y,1,466293,IS360,L10.572L,2024-04-04 00:17:00
LAN-Y,2,466293,IS360,L10.572L,2024-06-10 02:43:00
LAN-Y,3,466293,IS360,L10.572L,2024-08-11 23:00:00
LAN-Y,4,466293,IS360,L10.572L,2024-10-02 02:59:00
LAN-Y,5,466293,IS360,L10.572L,2024-11-12 02:16:00
NAN-E,0,463121,IS122,L10.389T,2024-02-12 01:10:00
NAN-E,1,463121,IS122,L10.389T,2024-04-07 23:19:00
NAN-E,2,463121,IS122,L10.389T,2024-06-19 02:50:00
NAN-E,3,463121,IS122,L10.389T,2024-08-07 23:52:00
NAN-E,4,463121,IS122,L10.389T,2024-10-02 00:14:00
NAN-E,5,463121,IS122,L10.389T,2024-11-10 23:17:00
NAN-E,0,463122,IS123,L10.391V,2024-02-12 00:26:00
NAN-E,1,463122,IS123,L10.391V,2024-04-07 23:27:00
NAN-E,2,463122,IS123,L10.391V,2024-06-19 02:41:00
NAN-E,3,463122,IS123,L10.391V,2024-08-08 01:30:00
NAN-E,4,463122,IS123,L10.391V,2024-10-02 00:38:00
NAN-E,5,463122,IS123,L10.391V,2024-11-11 00:53:00
NAN-E,0,463123,IS124,L10.392W,2024-02-12 00:23:00
NAN-E,1,463123,IS124,L10.392W,2024-04-07 23:33:00
NAN-E,2,463123,IS124,L10.392W,2024-06-19 02:28:00
NAN-E,3,463123,IS124,L10.392W,2024-08-08 01:00:00
NAN-E,4,463123,IS124,L10.392W,2024-10-02 00:37:00
NAN-E,5,463123,IS124,L10.392W,2024-11-11 01:08:00
NAN-E,0,463124,IS125,L10.393X,2024-02-12 02:19:00
NAN-E,1,463124,IS125,L10.393X,2024-04-08 00:43:00
NAN-E,2,463124,IS125,L10.393X,2024-06-19 02:44:00
NAN-E,3,463124,IS125,L10.393X,2024-08-08 01:06:00
NAN-E,4,463124,IS125,L10.393X,2024-10-02 01:57:00
NAN-E,5,463124,IS125,L10.393X,2024-11-11 01:12:00
NAN-E,0,463125,IS126,L10.394Y,2024-02-11 23:37:00
NAN-E,1,463125,IS126,L10.394Y,2024-04-07 23:54:00
NAN-E,2,463125,IS126,L10.394Y,2024-06-18 23:34:00
NAN-E,3,463125,IS126,L10.394Y,2024-08-08 01:04:00
NAN-E,4,463125,IS126,L10.394Y,2024-10-02 00:20:00
NAN-E,5,463125,IS126,L10.394Y,2024-11-11 01:23:00
NAN-E,0,463163,IS179,L10.438C,2024-02-12 02:54:00
NAN-E,1,463163,IS179,L10.438C,2024-04-08 02:09:00
NAN-E,2,463163,IS179,L10.438C,2024-06-19 01:55:00
NAN-E,3,463163,IS179,L10.438C,2024-08-08 00:24:00
NAN-E,4,463163,IS179,L10.438C,2024-10-02 01:54:00
NAN-E,5,463163,IS179,L10.438C,2024-11-11 02:12:00
NAN-E,0,463164,IS180,L10.439D,2024-02-11 23:33:00
NAN-E,1,463164,IS180,L10.439D,2024-04-08 02:22:00
NAN-E,2,463164,IS180,L10.439D,2024-06-18 23:07:00
NAN-E,3,463164,IS180,L10.439D,2024-08-08 01:26:00
NAN-E,4,463164,IS180,L10.439D,2024-10-01 23:02:00
NAN-E,5,463164,IS180,L10.439D,2024-11-11 01:55:00
NAN-E,0,463165,IS181,L10.441F,2024-02-12 02:01:00
NAN-E,1,463165,IS181,L10.441F,2024-04-07 23:01:00
NAN-E,2,463165,IS181,L10.441F,2024-06-19 00:43:00
NAN-E,3,463165,IS181,L10.441F,2024-08-08 01:50:00
NAN-E,4,463165,IS181,L10.441F,2024-10-01 23:20:00
NAN-E,5,463165,IS181,L10.441F,2024-11-11 02:15:00
NAN-E,0,463166,IS182,L10.442G,2024-02-12 02:55:00
NAN-E,1,463166,IS182,L10.442G,2024-04-08 00:23:00
NAN-E,2,463166,IS182,L10.442G,2024-06-18 23:12:00
NAN-E,3,463166,IS182,L10.442G,2024-08-08 00:32:00
NAN-E,4,463166,IS182,L10.442G,2024-10-02 01:02:00
NAN-E,5,463166,IS182,L10.442G,2024-11-10 23:45:00
NAN-E,0,463167,IS183,L10.443H,2024-02-12 01:43:00
NAN-E,1,463167,IS183,L10.443H,2024-04-07 23:51:00
NAN-E,2,463167,IS183,L10.443H,2024-06-19 01:22:00
NAN-E,3,463167,IS183,L10.443H,2024-08-08 02:45:00
NAN-E,4,463167,IS183,L10.443H,2024-10-02 02:37:00
NAN-E,5,463167,IS183,L10.443H,2024-11-11 01:56:00
NAN-E,0,463168,IS184,L10.444J,2024-02-11 23:06:00
NAN-E,1,463168,IS184,L10.444J,2024-04-08 01:44:00
NAN-E,2,463168,IS184,L10.444J,2024-06-19 00:04:00
NAN-E,3,463168,IS184,L10.444J,2024-08-07 23:29:00
NAN-E,4,463168,IS184,L10.444J,2024-10-02 01:15:00
NAN-E,5,463168,IS184,L10.444J,2024-11-11 00:50:00
NAN-I,0,472119,IS120,L10.387R,2024-02-27 23:12:00
NAN-I,1,472119,IS120,L10.387R,2024-04-09 23:39:00
NAN-I,2,472119,IS120,L10.387R,2024-05-27 23:43:00
NAN-I,3,472119,IS120,L10.387R,2024-08-01 01:45:00
NAN-I,4,472119,IS120,L10.387R,2024-10-02 02:13:00
NAN-I,5,472119,IS120,L10.387R,2024-11-27 01:08:00
NAN-I,0,472155,IS171,L10.429R,2024-02-28 00:55:00
NAN-I,1,472155,IS171,L10.429R,2024-04-09 23:22:00
NAN-I,2,472155,IS171,L10.429R,2024-05-27 23:57:00
NAN-I,3,472155,IS171,L10.429R,2024-08-01 01:04:00
NAN-I,4,472155,IS171,L10.429R,2024-10-01 23:20:00
NAN-I,5,472155,IS171,L10.429R,2024-11-27 00:19:00
NAN-I,0,472156,IS172,L10.431T,2024-02-28 00:55:00
NAN-I,1,472156,IS172,L10.431T,2024-04-10 02:16:00
NAN-I,2,472156,IS172,L10.431T,2024-05-28 01:21:00
NAN-I,3,472156,IS172,L10.431T,2024-07-31 23:31:00
NAN-I,4,472156,IS172,L10.431T,2024-10-01 23:14:00
NAN-I,5,472156,IS172,L10.431T,2024-11-26 23:49:00
NAN-I,0,472157,IS173,L10.432U,2024-02-28 00:46:00
NAN-I,1,472157,IS173,L10.432U,2024-04-09 23:47:00
NAN-I,2,472157,IS173,L10.432U,2024-05-27 23:29:00
NAN-I,3,472157,IS173,L10.432U,2024-08-01 01:59:00
NAN-I,4,472157,IS173,L10.432U,2024-10-01 23:24:00
NAN-I,5,472157,IS173,L10.432U,2024-11-26 23:46:00
NAN-I,0,472158,IS174,L10.433V,2024-02-28 01:12:00
NAN-I,1,472158,IS174,L10.433V,2024-04-09 23:18:00
NAN-I,2,472158,IS174,L10.433V,2024-05-28 02:51:00
NAN-I,3,472158,IS174,L10.433V,2024-08-01 00:17:00
NAN-I,4,472158,IS174,L10.433V,2024-10-01 23:37:00
NAN-I,5,472158,IS174,L10.433V,2024-11-27 01:48:00
NAN-I,0,472159,IS175,L10.434W,2024-02-28 01:44:00
NAN-I,1,472159,IS175,L10.434W,2024-04-10 01:29:00
NAN-I,2,472159,IS175,L10.434W,2024-05-28 01:16:00
NAN-I,3,472159,IS175,L10.434W,2024-07-31 23:41:00
NAN-I,4,472159,IS175,L10.434W,2024-10-02 01:46:00
NAN-I,5,472159,IS175,L10.434W,2024-11-27 01:36:00
NAN-I,0,472162,IS178,L10.437A,2024-02-28 00:39:00
NAN-I,1,472162,IS178,L10.437A,2024-04-10 01:41:00
NAN-I,2,472162,IS178,L10.437A,2024-05-28 00:11:00
NAN-I,3,472162,IS178,L10.437A,2024-08-01 00:45:00
NAN-I,4,472162,IS178,L10.437A,2024-10-02 00:01:00
NAN-I,5,472162,IS178,L10.437A,2024-11-27 00:16:00
NOG-E,0,468195,IS261,L10.493S,2024-02-05 23:37:00
NOG-E,1,468195,IS261,L10.493S,2024-04-04 01:13:00
NOG-E,2,468195,IS261,L10.493S,2024-06-03 23:05:00
NOG-E,3,468195,IS261,L10.493S,2024-08-13 02:37:00
NOG-E,4,468195,IS261,L10.493S,2024-09-16 01:58:00
NOG-E,5,468195,IS261,L10.493S,2024-11-27 02:11:00
NOG-E,0,468196,IS262,L10.494T,2024-02-05 23:43:00
NOG-E,1,468196,IS262,L10.494T,2024-04-04 01:42:00
NOG-E,2,468196,IS262,L10.494T,2024-06-04 01:13:00
NOG-E,3,468196,IS262,L10.494T,2024-08-12 23:50:00
NOG-E,4,468196,IS262,L10.494T,2024-09-16 02:21:00
NOG-E,5,468196,IS262,L10.494T,2024-11-27 00:38:00
NOG-E,0,468197,IS263,L10.495U,2024-02-06 01:10:00
NOG-E,1,468197,IS263,L10.495U,2024-04-04 00:10:00
NOG-E,2,468197,IS263,L10.495U,2024-06-04 02:20:00
NOG-E,3,468197,IS263,L10.495U,2024-08-13 00:59:00
NOG-E,4,468197,IS263,L10.495U,2024-09-15 23:29:00
NOG-E,5,468197,IS263,L10.495U,2024-11-26 23:54:00
NOG-E,0,468198,IS264,L10.496V,2024-02-06 02:47:00
NOG-E,1,468198,IS264,L10.496V,2024-04-04 00:42:00
NOG-E,2,468198,IS264,L10.496V,2024-06-04 02:24:00
NOG-E,3,468198,IS264,L10.496V,2024-08-13 00:28:00
NOG-E,4,468198,IS264,L10.496V,2024-09-15 23:45:00
NOG-E,5,468198,IS264,L10.496V,2024-11-27 02:11:00
NOG-E,0,468199,IS265,L10.497W,2024-02-06 02:41:00
NOG-E,1,468199,IS265,L10.497W,2024-04-04 02:35:00
NOG-E,2,468199,IS265,L10.497W,2024-06-04 01:02:00
NOG-E,3,468199,IS265,L10.497W,2024-08-13 00:30:00
NOG-E,4,468199,IS265,L10.497W,2024-09-16 01:02:00
NOG-E,5,468199,IS265,L10.497W,2024-11-27 00:14:00
NOG-E,0,468200,IS266,L10.498X,2024-02-05 23:12:00
NOG-E,1,468200,IS266,L10.498X,2024-04-04 00:11:00
NOG-E,2,468200,IS266,L10.498X,2024-06-04 00:42:00
NOG-E,3,468200,IS266,L10.498X,2024-08-13 01:00:00
NOG-E,4,468200,IS266,L10.498X,2024-09-16 02:13:00
NOG-E,5,468200,IS266,L10.498X,2024-11-27 01:21:00
NOG-E,0,468201,IS267,L10.499Y,2024-02-06 02:46:00
NOG-E,1,468201,IS267,L10.499Y,2024-04-04 01:19:00
NOG-E,2,468201,IS267,L10.499Y,2024-06-04 00:06:00
NOG-E,3,468201,IS267,L10.499Y,2024-08-12 23:16:00
NOG-E,4,468201,IS267,L10.499Y,2024-09-16 01:33:00
NOG-E,5,468201,IS267,L10.499Y,2024-11-27 00:25:00
NOG-E,0,468202,IS268,L10.501C,2024-02-06 00:33:00
NOG-E,1,468202,IS268,L10.501C,2024-04-04 01:33:00
NOG-E,2,468202,IS268,L10.501C,2024-06-03 23:45:00
NOG-E,3,468202,IS268,L10.501C,2024-08-13 01:32:00
NOG-E,4,468202,IS268,L10.501C,2024-09-15 23:20:00
NOG-E,5,468202,IS268,L10.501C,2024-11-27 01:56:00
NOG-E,0,468203,IS269,L10.502D,2024-02-06 02:59:00
NOG-E,1,468203,IS269,L10.502D,2024-04-03 23:43:00
NOG-E,2,468203,IS269,L10.502D,2024-06-04 02:02:00
NOG-E,3,468203,IS269,L10.502D,2024-08-13 01:02:00
NOG-E,4,468203,IS269,L10.502D,2024-09-16 02:13:00
NOG-E,5,468203,IS269,L10.502D,2024-11-27 00:21:00
NOG-I,0,465185,IS251,L10.482E,2024-02-22 01:39:00
NOG-I,1,465185,IS251,L10.482E,2024-04-18 02:00:00
NOG-I,2,465185,IS251,L10.482E,2024-06-12 02:59:00
NOG-I,3,465185,IS251,L10.482E,2024-08-06 01:04:00
NOG-I,4,465185,IS251,L10.482E,2024-09-17 00:57:00
NOG-I,5,465185,IS251,L10.482E,2024-11-28 00:15:00
NOG-I,0,465186,IS252,L10.483F,2024-02-22 02:49:00
NOG-I,1,465186,IS252,L10.483F,2024-04-18 01:35:00
NOG-I,2,465186,IS252,L10.483F,2024-06-12 02:15:00
NOG-I,3,465186,IS252,L10.483F,2024-08-06 00:46:00
NOG-I,4,465186,IS252,L10.483F,2024-09-16 23:32:00
NOG-I,5,465186,IS252,L10.483F,2024-11-28 01:13:00
NOG-I,0,465187,IS253,L10.484G,2024-02-22 02:47:00
NOG-I,1,465187,IS253,L10.484G,2024-04-18 00:18:00
NOG-I,2,465187,IS253,L10.484G,2024-06-12 00:59:00
NOG-I,3,465187,IS253,L10.484G,2024-08-06 01:04:00
NOG-I,4,465187,IS253,L10.484G,2024-09-17 02:55:00
NOG-I,5,465187,IS253,L10.484G,2024-11-28 02:43:00
NOG-I,0,465188,IS254,L10.485H,2024-02-22 01:56:00
NOG-I,1,465188,IS254,L10.485H,2024-04-17 23:46:00
NOG-I,2,465188,IS254,L10.485H,2024-06-12 01:57:00
NOG-I,3,465188,IS254,L10.485H,2024-08-05 23:50:00
NOG-I,4,465188,IS254,L10.485H,2024-09-17 00:56:00
NOG-I,5,465188,IS254,L10.485H,2024-11-28 00:26:00
NOG-I,0,465189,IS255,L10.486J,2024-02-21 23:09:00
NOG-I,1,465189,IS255,L10.486J,2024-04-18 01:08:00
NOG-I,2,465189,IS255,L10.486J,2024-06-11 23:31:00
NOG-I,3,465189,IS255,L10.486J,2024-08-06 01:14:00
NOG-I,4,465189,IS255,L10.486J,2024-09-17 00:41:00
NOG-I,5,465189,IS255,L10.486J,2024-11-28 00:17:00
NOG-I,0,465190,IS256,L10.487K,2024-02-22 02:02:00
NOG-I,1,465190,IS256,L10.487K,2024-04-18 00:51:00
NOG-I,2,465190,IS256,L10.487K,2024-06-11 23:41:00
NOG-I,3,465190,IS256,L10.487K,2024-08-06 01:41:00
NOG-I,4,465190,IS256,L10.487K,2024-09-17 01:40:00
NOG-I,5,465190,IS256,L10.487K,2024-11-28 02:42:00
NOG-I,0,465191,IS257,L10.488L,2024-02-22 00:13:00
NOG-I,1,465191,IS257,L10.488L,2024-04-18 01:53:00
NOG-I,2,465191,IS257,L10.488L,2024-06-12 02:47:00
NOG-I,3,465191,IS257,L10.488L,2024-08-06 02:12:00
NOG-I,4,465191,IS257,L10.488L,2024-09-17 01:00:00
NOG-I,5,465191,IS257,L10.488L,2024-11-28 02:33:00
NOG-I,0,465192,IS258,L10.489M,2024-02-21 23:09:00
NOG-I,1,465192,IS258,L10.489M,2024-04-18 01:31:00
NOG-I,2,465192,IS258,L10.489M,2024-06-11 23:57:00
NOG-I,3,465192,IS258,L10.489M,2024-08-06 00:44:00
NOG-I,4,465192,IS258,L10.489M,2024-09-17 02:42:00
NOG-I,5,465192,IS258,L10.489M,2024-11-28 01:10:00
NOG-I,0,465193,IS259,L10.491P,2024-02-22 01:49:00
NOG-I,1,465193,IS259,L10.491P,2024-04-18 00:04:00
NOG-I,2,465193,IS259,L10.491P,2024-06-12 01:15:00
NOG-I,3,465193,IS259,L10.491P,2024-08-06 01:53:00
NOG-I,4,465193,IS259,L10.491P,2024-09-17 00:31:00
NOG-I,5,465193,IS259,L10.491P,2024-11-27 23:20:00
NOG-I,0,465194,IS260,L10.492R,2024-02-22 01:33:00
NOG-I,1,465194,IS260,L10.492R,2024-04-18 02:25:00
NOG-I,2,465194,IS260,L10.492R,2024-06-12 00:27:00
NOG-I,3,465194,IS260,L10.492R,2024-08-06 00:36:00
NOG-I,4,465194,IS260,L10.492R,2024-09-17 02:54:00
NOG-I,5,465194,IS260,L10.492R,2024-11-27 23:10:00
ORL,0,484335,IS481,L10.654J,2024-02-05 00:26:00
ORL,1,484335,IS481,L10.654J,2024-04-23 23:28:00
ORL,2,484335,IS481,L10.654J,2024-05-28 01:15:00
ORL,3,484335,IS481,L10.654J,2024-08-01 01:36:00
ORL,4,484335,IS481,L10.654J,2024-09-30 01:00:00
ORL,5,484335,IS481,L10.654J,2024-11-26 01:54:00
ORL,0,484336,IS482,L10.655K,2024-02-04 23:06:00
ORL,1,484336,IS482,L10.655K,2024-04-23 23:47:00
ORL,2,484336,IS482,L10.655K,2024-05-28 01:52:00
ORL,3,484336,IS482,L10.655K,2024-08-01 01:49:00
ORL,4,484336,IS482,L10.655K,2024-09-30 01:32:00
ORL,5,484336,IS482,L10.655K,2024-11-26 00:21:00
RUE-E,0,469344,IS338,L10.553N,2024-02-21 00:25:00
RUE-E,1,469344,IS338,L10.553N,2024-04-16 23:56:00
RUE-E,2,469344,IS338,L10.553N,2024-06-11 23:47:00
RUE-E,3,469344,IS338,L10.553N,2024-08-07 00:21:00
RUE-E,4,469344,IS338,L10.553N,2024-10-07 23:22:00
RUE-E,5,469344,IS338,L10.553N,2024-12-03 02:22:00
RUE-E,0,469345,IS339,L10.554P,2024-02-21 00:35:00
RUE-E,1,469345,IS339,L10.554P,2024-04-17 02:51:00
RUE-E,2,469345,IS339,L10.554P,2024-06-12 01:49:00
RUE-E,3,469345,IS339,L10.554P,2024-08-07 02:53:00
RUE-E,4,469345,IS339,L10.554P,2024-10-08 00:38:00
RUE-E,5,469345,IS339,L10.554P,2024-12-03 02:19:00
RUE-E,0,469346,IS340,L10.555R,2024-02-21 02:04:00
RUE-E,1,469346,IS340,L10.555R,2024-04-17 02:20:00
RUE-E,2,469346,IS340,L10.555R,2024-06-12 00:34:00
RUE-E,3,469346,IS340,L10.555R,2024-08-07 02:34:00
RUE-E,4,469346,IS340,L10.555R,2024-10-08 02:23:00
RUE-E,5,469346,IS340,L10.555R,2024-12-02 23:13:00
RUE-E,0,469347,IS341,L10.556S,2024-02-20 23:13:00
RUE-E,1,469347,IS341,L10.556S,2024-04-17 00:45:00
RUE-E,2,469347,IS341,L10.556S,2024-06-11 23:52:00
RUE-E,3,469347,IS341,L10.556S,2024-08-07 00:47:00
RUE-E,4,469347,IS341,L10.556S,2024-10-07 23:06:00
RUE-E,5,469347,IS341,L10.556S,2024-12-03 00:43:00
RUE-E,0,469348,IS342,L10.557T,2024-02-21 01:24:00
RUE-E,1,469348,IS342,L10.557T,2024-04-17 01:27:00
RUE-E,2,469348,IS342,L10.557T,2024-06-12 00:43:00
RUE-E,3,469348,IS342,L10.557T,2024-08-07 02:14:00
RUE-E,4,469348,IS342,L10.557T,2024-10-08 01:05:00
RUE-E,5,469348,IS342,L10.557T,2024-12-02 23:46:00
RUE-E,0,469349,IS343,L10.558U,2024-02-21 02:13:00
RUE-E,1,469349,IS343,L10.558U,2024-04-17 00:31:00
RUE-E,2,469349,IS343,L10.558U,2024-06-12 01:47:00
RUE-E,3,469349,IS343,L10.558U,2024-08-06 23:38:00
RUE-E,4,469349,IS343,L10.558U,2024-10-08 02:43:00
RUE-E,5,469349,IS343,L10.558U,2024-12-03 02:07:00
RUE-E,0,469350,IS344,L10.559V,2024-02-21 01:11:00
RUE-E,1,469350,IS344,L10.559V,2024-04-16 23:29:00
RUE-E,2,469350,IS344,L10.559V,2024-06-12 01:16:00
RUE-E,3,469350,IS344,L10.559V,2024-08-07 00:24:00
RUE-E,4,469350,IS344,L10.559V,2024-10-07 23:33:00
RUE-E,5,469350,IS344,L10.559V,2024-12-02 23:48:00
RUE-E,0,469351,IS345,L10.561X,2024-02-21 01:55:00
RUE-E,1,469351,IS345,L10.561X,2024-04-16 23:27:00
RUE-E,2,469351,IS345,L10.561X,2024-06-12 00:26:00
RUE-E,3,469351,IS345,L10.561X,2024-08-07 00:13:00
RUE-E,4,469351,IS345,L10.561X,2024-10-08 02:57:00
RUE-E,5,469351,IS345,L10.561X,2024-12-03 00:48:00
RUE-I,0,473337,IS331,L10.545E,2024-02-11 23:36:00
RUE-I,1,473337,IS331,L10.545E,2024-04-11 00:15:00
RUE-I,2,473337,IS331,L10.545E,2024-06-04 02:54:00
RUE-I,3,473337,IS331,L10.545E,2024-08-06 01:38:00
RUE-I,4,473337,IS331,L10.545E,2024-09-26 00:37:00
RUE-I,5,473337,IS331,L10.545E,2024-12-05 01:50:00
RUE-I,0,473338,IS332,L10.546F,2024-02-12 01:30:00
RUE-I,1,473338,IS332,L10.546F,2024-04-11 00:12:00
RUE-I,2,473338,IS332,L10.546F,2024-06-04 00:21:00
RUE-I,3,473338,IS332,L10.546F,2024-08-06 02:00:00
RUE-I,4,473338,IS332,L10.546F,2024-09-26 00:37:00
RUE-I,5,473338,IS332,L10.546F,2024-12-04 23:37:00
RUE-I,0,473339,IS333,L10.547G,2024-02-12 02:09:00
RUE-I,1,473339,IS333,L10.547G,2024-04-11 01:50:00
RUE-I,2,473339,IS333,L10.547G,2024-06-04 01:06:00
RUE-I,3,473339,IS333,L10.547G,2024-08-06 02:09:00
RUE-I,4,473339,IS333,L10.547G,2024-09-26 02:50:00
RUE-I,5,473339,IS333,L10.547G,2024-12-04 23:37:00
RUE-I,0,473340,IS334,L10.548H,2024-02-11 23:02:00
RUE-I,1,473340,IS334,L10.548H,2024-04-10 23:29:00
RUE-I,2,473340,IS334,L10.548H,2024-06-04 01:49:00
RUE-I,3,473340,IS334,L10.548H,2024-08-06 00:28:00
RUE-I,4,473340,IS334,L10.548H,2024-09-26 02:49:00
RUE-I,5,473340,IS334,L10.548H,2024-12-04 23:55:00
RUE-I,0,473341,IS335,L10.549J,2024-02-12 02:52:00
RUE-I,1,473341,IS335,L10.549J,2024-04-10 23:06:00
RUE-I,2,473341,IS335,L10.549J,2024-06-03 23:09:00
RUE-I,3,473341,IS335,L10.549J,2024-08-06 01:13:00
RUE-I,4,473341,IS335,L10.549J,2024-09-26 00:04:00
RUE-I,5,473341,IS335,L10.549J,2024-12-05 00:39:00
RUE-I,0,473342,IS336,L10.551L,2024-02-11 23:45:00
RUE-I,1,473342,IS336,L10.551L,2024-04-11 01:42:00
RUE-I,2,473342,IS336,L10.551L,2024-06-04 00:11:00
RUE-I,3,473342,IS336,L10.551L,2024-08-06 00:49:00
RUE-I,4,473342,IS336,L10.551L,2024-09-26 01:39:00
RUE-I,5,473342,IS336,L10.551L,2024-12-05 01:08:00
RUE-I,0,473343,IS337,L10.552M,2024-02-12 02:49:00
RUE-I,1,473343,IS337,L10.552M,2024-04-11 02:36:00
RUE-I,2,473343,IS337,L10.552M,2024-06-03 23:40:00
RUE-I,3,473343,IS337,L10.552M,2024-08-06 01:05:00
RUE-I,4,473343,IS337,L10.552M,2024-09-26 00:04:00
RUE-I,5,473343,IS337,L10.552M,2024-12-05 01:01:00
SEV,0,477171,IS511,L10.671E,2024-02-26 01:25:00
SEV,1,477171,IS511,L10.671E,2024-04-02 02:52:00
SEV,2,477171,IS511,L10.671E,2024-05-29 00:38:00
SEV,3,477171,IS511,L10.671E,2024-07-30 01:44:00
SEV,4,477171,IS511,L10.671E,2024-09-17 00:57:00
SEV,5,477171,IS511,L10.671E,2024-11-14 02:25:00
SEV,0,477172,IS512,L10.672F,2024-02-26 01:48:00
SEV,1,477172,IS512,L10.672F,2024-04-02 01:40:00
SEV,2,477172,IS512,L10.672F,2024-05-28 23:32:00
SEV,3,477172,IS512,L10.672F,2024-07-30 02:39:00
SEV,4,477172,IS512,L10.672F,2024-09-17 00:11:00
SEV,5,477172,IS512,L10.672F,2024-11-13 23:12:00
SEV,0,477173,IS513,L10.673G,2024-02-26 00:50:00
SEV,1,477173,IS513,L10.673G,2024-04-02 01:26:00
SEV,2,477173,IS513,L10.673G,2024-05-29 01:06:00
SEV,3,477173,IS513,L10.673G,2024-07-29 23:50:00
SEV,4,477173,IS513,L10.673G,2024-09-17 02:35:00
SEV,5,477173,IS513,L10.673G,2024-11-14 00:24:00
SEV,0,477174,IS514,L10.674H,2024-02-26 00:32:00
SEV,1,477174,IS514,L10.674H,2024-04-01 23:43:00
SEV,2,477174,IS514,L10.674H,2024-05-28 23:25:00
SEV,3,477174,IS514,L10.674H,2024-07-30 02:15:00
SEV,4,477174,IS514,L10.674H,2024-09-17 02:58:00
SEV,5,477174,IS514,L10.674H,2024-11-14 01:03:00
SEV,0,477175,IS515,L10.675J,2024-02-26 01:00:00
SEV,1,477175,IS515,L10.675J,2024-04-02 01:03:00
SEV,2,477175,IS515,L10.675J,2024-05-29 02:11:00
SEV,3,477175,IS515,L10.675J,2024-07-30 01:36:00
SEV,4,477175,IS515,L10.675J,2024-09-17 00:25:00
SEV,5,477175,IS515,L10.675J,2024-11-14 02:29:00
SEV,0,477176,IS516,L10.676K,2024-02-25 23:38:00
SEV,1,477176,IS516,L10.676K,2024-04-02 00:17:00
SEV,2,477176,IS516,L10.676K,2024-05-29 01:09:00
SEV,3,477176,IS516,L10.676K,2024-07-30 02:15:00
SEV,4,477176,IS516,L10.676K,2024-09-16 23:57:00
SEV,5,477176,IS516,L10.676K,2024-11-14 00:27:00
TAV,0,478304,IS471,L10.647A,2024-02-05 00:14:00
TAV,1,478304,IS471,L10.647A,2024-04-16 01:38:00
TAV,2,478304,IS471,L10.647A,2024-06-03 02:49:00
TAV,3,478304,IS471,L10.647A,2024-08-06 00:51:00
TAV,4,478304,IS471,L10.647A,2024-09-30 01:57:00
TAV,5,478304,IS471,L10.647A,2024-12-03 00:07:00
TAV,0,478305,IS472,L10.648C,2024-02-05 01:48:00
TAV,1,478305,IS472,L10.648C,2024-04-15 23:17:00
TAV,2,478305,IS472,L10.648C,2024-06-02 23:59:00
TAV,3,478305,IS472,L10.648C,2024-08-06 01:53:00
TAV,4,478305,IS472,L10.648C,2024-09-30 02:24:00
TAV,5,478305,IS472,L10.648C,2024-12-03 01:40:00
TAV,0,478306,IS473,L10.649D,2024-02-05 02:07:00
TAV,1,478306,IS473,L10.649D,2024-04-16 01:37:00
TAV,2,478306,IS473,L10.649D,2024-06-02 23:31:00
TAV,3,478306,IS473,L10.649D,2024-08-06 02:47:00
TAV,4,478306,IS473,L10.649D,2024-09-30 01:06:00
TAV,5,478306,IS473,L10.649D,2024-12-02 23:12:00
TAV,0,478307,IS474,L10.651F,2024-02-05 01:37:00
TAV,1,478307,IS474,L10.651F,2024-04-15 23:05:00
TAV,2,478307,IS474,L10.651F,2024-06-03 00:33:00
TAV,3,478307,IS474,L10.651F,2024-08-05 23:23:00
TAV,4,478307,IS474,L10.651F,2024-09-30 02:25:00
TAV,5,478307,IS474,L10.651F,2024-12-02 23:20:00
TAV,0,478308,IS475,L10.652G,2024-02-05 00:54:00
TAV,1,478308,IS475,L10.652G,2024-04-15 23:21:00
TAV,2,478308,IS475,L10.652G,2024-06-03 01:07:00
TAV,3,478308,IS475,L10.652G,2024-08-05 23:44:00
TAV,4,478308,IS475,L10.652G,2024-09-30 02:24:00
TAV,5,478308,IS475,L10.652G,2024-12-03 01:52:00
TAV,0,478309,IS476,L10.653H,2024-02-05 00:53:00
TAV,1,478309,IS476,L10.653H,2024-04-15 23:49:00
TAV,2,478309,IS476,L10.653H,2024-06-03 02:44:00
TAV,3,478309,IS476,L10.653H,2024-08-05 23:26:00
TAV,4,478309,IS476,L10.653H,2024-09-30 01:52:00
TAV,5,478309,IS476,L10.653H,2024-12-03 02:28:00
