OTF,CodeEx,Tatouage,agent,jour,HoroDate
456627,IS128,L10.396C,Karl,57,2024-02-27 01:38:00
456927,IS128,L10.396C,Karen,106,2024-04-16 00:36:00
457227,IS128,L10.396C,Kamel,156,2024-06-05 00:36:00
457527,IS128,L10.396C,Karen,225,2024-08-13 02:50:00
457827,IS128,L10.396C,Kim,266,2024-09-22 23:56:00
458127,IS128,L10.396C,Kun,323,2024-11-19 02:31:00
456628,IS129,L10.397D,Kim,57,2024-02-26 23:43:00
456928,IS129,L10.397D,Kamel,106,2024-04-16 02:37:00
457228,IS129,L10.397D,Karen,156,2024-06-05 00:36:00
457528,IS129,L10.397D,Karen,225,2024-08-12 23:04:00
458128,IS129,L10.397D,Karl,323,2024-11-19 00:46:00
456629,IS130,L10.398E,Karl,57,2024-02-27 02:01:00
457229,IS130,L10.398E,Kamel,156,2024-06-05 00:45:00
457529,IS130,L10.398E,Karl,225,2024-08-13 02:34:00
457829,IS130,L10.398E,Karl,266,2024-09-22 23:06:00
458129,IS130,L10.398E,Kim,323,2024-11-19 02:09:00
456630,IS131,L10.399F,Karl,57,2024-02-27 00:14:00
456930,IS131,L10.399F,Karen,106,2024-04-16 02:07:00
457230,IS131,L10.399F,Karen,156,2024-06-04 23:28:00
457530,IS131,L10.399F,Karl,225,2024-08-12 23:09:00
457830,IS131,L10.399F,Karl,266,2024-09-23 00:37:00
458130,IS131,L10.399F,Kim,323,2024-11-18 23:31:00
456631,IS132,L10.401H,Karen,57,2024-02-27 02:22:00
456931,IS132,L10.401H,Kim,106,2024-04-15 23:45:00
457231,IS132,L10.401H,Kun,156,2024-06-05 00:36:00
457531,IS132,L10.401H,Kamel,225,2024-08-13 01:54:00
457831,IS132,L10.401H,Karl,266,2024-09-23 00:53:00
458131,IS132,L10.401H,Karl,323,2024-11-19 02:24:00
456632,IS133,L10.402J,Karl,57,2024-02-27 01:39:00
456932,IS133,L10.402J,Karl,106,2024-04-16 02:16:00
457832,IS133,L10.402J,Karl,266,2024-09-23 01:11:00
458132,IS133,L10.402J,Kamel,323,2024-11-19 02:03:00
456633,IS134,L10.403K,Kim,57,2024-02-26 23:16:00
456933,IS134,L10.403K,Karen,106,2024-04-16 00:42:00
457233,IS134,L10.403K,Karen,156,2024-06-05 02:15:00
457533,IS134,L10.403K,Karl,225,2024-08-13 02:20:00
457833,IS134,L10.403K,Karen,266,2024-09-22 23:22:00
458133,IS134,L10.403K,Kun,323,2024-11-18 23:48:00
456634,IS135,L10.404L,Kim,57,2024-02-27 00:39:00
456934,IS135,L10.404L,Karen,106,2024-04-16 01:53:00
457234,IS135,L10.404L,Kamel,156,2024-06-05 00:50:00
457534,IS135,L10.404L,Kim,225,2024-08-13 00:30:00
457834,IS135,L10.404L,Kim,266,2024-09-23 01:08:00
458134,IS135,L10.404L,Kim,323,2024-11-19 02:48:00
456635,IS136,L10.405M,Kim,57,2024-02-27 01:26:00
456935,IS136,L10.405M,Karen,106,2024-04-15 23:33:00
457235,IS136,L10.405M,Kim,156,2024-06-04 23:13:00
457535,IS136,L10.405M,Karen,225,2024-08-13 02:31:00
457835,IS136,L10.405M,Karl,266,2024-09-23 02:19:00
458135,IS136,L10.405M,Kun,323,2024-11-18 23:03:00
456636,IS137,L10.406N,Kim,57,2024-02-27 01:56:00
457236,IS137,L10.406N,Kim,156,2024-06-05 01:05:00
457536,IS137,L10.406N,Karl,225,2024-08-13 01:23:00
457836,IS137,L10.406N,Kamel,266,2024-09-23 00:52:00
458136,IS137,L10.406N,Kun,323,2024-11-19 01:15:00
456637,IS138,L10.407P,Kun,57,2024-02-27 00:46:00
456937,IS138,L10.407P,Kamel,106,2024-04-16 02:07:00
457237,IS138,L10.407P,Karen,156,2024-06-05 02:08:00
457537,IS138,L10.407P,Kim,225,2024-08-13 01:42:00
457837,IS138,L10.407P,Kun,266,2024-09-22 23:09:00
458137,IS138,L10.407P,Kun,323,2024-11-19 00:09:00
456638,IS139,L10.408R,Kun,57,2024-02-27 02:30:00
456938,IS139,L10.408R,Kim,106,2024-04-15 23:41:00
457238,IS139,L10.408R,Karl,156,2024-06-05 00:58:00
457538,IS139,L10.408R,Karen,225,2024-08-13 02:59:00
457838,IS139,L10.408R,Kun,266,2024-09-23 00:12:00
458138,IS139,L10.408R,Karl,323,2024-11-19 02:45:00
456639,IS140,L10.409S,Kun,57,2024-02-27 01:48:00
456939,IS140,L10.409S,Kun,106,2024-04-16 00:59:00
457239,IS140,L10.409S,Kun,156,2024-06-05 02:10:00
457839,IS140,L10.409S,Kim,266,2024-09-23 02:43:00
458139,IS140,L10.409S,Kamel,323,2024-11-19 02:57:00
456640,IS141,L10.411U,Kim,57,2024-02-26 23:16:00
456940,IS141,L10.411U,Kun,106,2024-04-15 23:09:00
457240,IS141,L10.411U,Kun,156,2024-06-05 01:49:00
457540,IS141,L10.411U,Karen,225,2024-08-13 02:49:00
457840,IS141,L10.411U,Kamel,266,2024-09-23 02:24:00
458140,IS141,L10.411U,Kun,323,2024-11-19 00:01:00
456641,IS142,L10.412V,Karen,57,2024-02-27 01:19:00
456941,IS142,L10.412V,Kun,106,2024-04-16 01:39:00
457241,IS142,L10.412V,Kamel,156,2024-06-04 23:16:00
457541,IS142,L10.412V,Kamel,225,2024-08-13 01:43:00
457841,IS142,L10.412V,Karen,266,2024-09-23 01:15:00
458141,IS142,L10.412V,Kim,323,2024-11-19 00:58:00
456642,IS143,L10.413W,Kun,57,2024-02-26 23:32:00
456942,IS143,L10.413W,Karl,106,2024-04-16 02:06:00
457242,IS143,L10.413W,Kun,156,2024-06-05 02:24:00
457542,IS143,L10.413W,Kamel,225,2024-08-13 02:16:00
457842,IS143,L10.413W,Kamel,266,2024-09-22 23:47:00
458142,IS143,L10.413W,Karl,323,2024-11-19 00:17:00
456643,IS144,L10.414X,Karl,57,2024-02-26 23:58:00
457243,IS144,L10.414X,Kim,156,2024-06-05 01:45:00
457543,IS144,L10.414X,Kamel,225,2024-08-13 02:26:00
457843,IS144,L10.414X,Karl,266,2024-09-23 02:10:00
458143,IS144,L10.414X,Karl,323,2024-11-19 00:19:00
456644,IS145,L10.415Y,Kim,57,2024-02-27 02:10:00
456944,IS145,L10.415Y,Karl,106,2024-04-16 02:15:00
457244,IS145,L10.415Y,Karen,156,2024-06-05 02:33:00
457544,IS145,L10.415Y,Kun,225,2024-08-13 01:57:00
457844,IS145,L10.415Y,Kamel,266,2024-09-23 00:54:00
458144,IS145,L10.415Y,Kun,323,2024-11-19 00:24:00
456645,IS146,L10.416A,Kim,57,2024-02-26 23:57:00
456945,IS146,L10.416A,Kamel,106,2024-04-16 02:28:00
457245,IS146,L10.416A,Kamel,156,2024-06-04 23:33:00
457545,IS146,L10.416A,Kamel,225,2024-08-13 00:57:00
457845,IS146,L10.416A,Karl,266,2024-09-22 23:36:00
458145,IS146,L10.416A,Kun,323,2024-11-19 01:02:00
456646,IS147,L10.417C,Kim,57,2024-02-27 00:02:00
456946,IS147,L10.417C,Kun,106,2024-04-16 02:19:00
457246,IS147,L10.417C,Kamel,156,2024-06-05 01:20:00
457546,IS147,L10.417C,Kun,225,2024-08-13 02:05:00
457846,IS147,L10.417C,Kamel,266,2024-09-23 01:04:00
458146,IS147,L10.417C,Karl,323,2024-11-19 02:45:00
456647,IS148,L10.418D,Karl,57,2024-02-26 23:33:00
456947,IS148,L10.418D,Karen,106,2024-04-15 23:40:00
457247,IS148,L10.418D,Kim,156,2024-06-05 01:40:00
457547,IS148,L10.418D,Karl,225,2024-08-12 23:19:00
457847,IS148,L10.418D,Kun,266,2024-09-23 02:14:00
458147,IS148,L10.418D,Karl,323,2024-11-19 02:36:00
456648,IS149,L10.419E,Kun,57,2024-02-26 23:34:00
456948,IS149,L10.419E,Kun,106,2024-04-16 02:00:00
457248,IS149,L10.419E,Karl,156,2024-06-05 01:29:00
457848,IS149,L10.419E,Kun,266,2024-09-23 02:28:00
458148,IS149,L10.419E,Karl,323,2024-11-19 00:50:00
456649,IS150,L10.421G,Karl,57,2024-02-27 02:25:00
456949,IS150,L10.421G,Kim,106,2024-04-15 23:58:00
457249,IS150,L10.421G,Karen,156,2024-06-05 01:52:00
457549,IS150,L10.421G,Karl,225,2024-08-13 02:05:00
457849,IS150,L10.421G,Kamel,266,2024-09-23 00:11:00
458149,IS150,L10.421G,Karl,323,2024-11-19 02:23:00
456650,IS151,L10.422H,Karl,57,2024-02-27 00:12:00
456950,IS151,L10.422H,Kamel,106,2024-04-16 01:59:00
457250,IS151,L10.422H,Kamel,156,2024-06-05 01:54:00
457550,IS151,L10.422H,Karen,225,2024-08-13 01:33:00
457850,IS151,L10.422H,Karen,266,2024-09-23 01:44:00
458150,IS151,L10.422H,Kim,323,2024-11-18 23:52:00
456951,IS152,L10.423J,Karl,106,2024-04-16 00:24:00
457251,IS152,L10.423J,Kim,156,2024-06-05 00:41:00
457551,IS152,L10.423J,Karl,225,2024-08-13 02:14:00
457851,IS152,L10.423J,Karl,266,2024-09-23 00:46:00
458151,IS152,L10.423J,Kim,323,2024-11-18 23:31:00
456652,IS153,L10.424K,Karen,57,2024-02-26 23:27:00
456952,IS153,L10.424K,Kamel,106,2024-04-16 00:15:00
457252,IS153,L10.424K,Kun,156,2024-06-05 00:30:00
457552,IS153,L10.424K,Karen,225,2024-08-12 23:02:00
457852,IS153,L10.424K,Kun,266,2024-09-22 23:06:00
458152,IS153,L10.424K,Kim,323,2024-11-19 00:48:00
456654,IS154,L10.426M,Karen,57,2024-02-27 00:33:00
456954,IS154,L10.426M,Kun,106,2024-04-16 01:29:00
457254,IS154,L10.426M,Kim,156,2024-06-04 23:59:00
457854,IS154,L10.426M,Kim,266,2024-09-22 23:37:00
458154,IS154,L10.426M,Kamel,323,2024-11-19 02:44:00
456660,IS176,L10.435X,Kun,57,2024-02-27 02:19:00
456960,IS176,L10.435X,Kamel,106,2024-04-16 01:07:00
457260,IS176,L10.435X,Kim,156,2024-06-04 23:58:00
457560,IS176,L10.435X,Karl,225,2024-08-13 02:28:00
458160,IS176,L10.435X,Kim,323,2024-11-19 01:57:00
456661,IS177,L10.436Y,Kim,57,2024-02-27 00:54:00
456961,IS177,L10.436Y,Kim,106,2024-04-16 02:54:00
457261,IS177,L10.436Y,Kun,156,2024-06-05 00:46:00
457561,IS177,L10.436Y,Kamel,225,2024-08-12 23:35:00
457861,IS177,L10.436Y,Karen,266,2024-09-23 02:21:00
458161,IS177,L10.436Y,Karl,323,2024-11-19 00:02:00
456670,IS502,L10.669C,Kun,57,2024-02-27 02:54:00
456970,IS502,L10.669C,Karen,106,2024-04-16 00:02:00
457270,IS502,L10.669C,Karl,156,2024-06-05 02:54:00
457570,IS502,L10.669C,Kamel,225,2024-08-12 23:20:00
458170,IS502,L10.669C,Kun,323,2024-11-19 02:03:00
456977,IS155,L10.834X,Kim,106,2024-04-16 01:40:00
457277,IS155,L10.834X,Kun,156,2024-06-05 00:53:00
457577,IS155,L10.834X,Kamel,225,2024-08-13 02:52:00
457877,IS155,L10.834X,Kun,266,2024-09-23 02:51:00
458177,IS155,L10.834X,Kamel,323,2024-11-18 23:50:00
456678,IS156,L10.835Y,Kun,57,2024-02-27 01:34:00
456978,IS156,L10.835Y,Karen,106,2024-04-16 01:12:00
457278,IS156,L10.835Y,Kamel,156,2024-06-05 01:02:00
457578,IS156,L10.835Y,Karen,225,2024-08-13 00:32:00
457878,IS156,L10.835Y,Karl,266,2024-09-22 23:18:00
458178,IS156,L10.835Y,Kim,323,2024-11-19 01:38:00
456979,IS157,L10.836A,Kamel,106,2024-04-15 23:49:00
457279,IS157,L10.836A,Kamel,156,2024-06-04 23:28:00
457579,IS157,L10.836A,Karen,225,2024-08-13 02:31:00
457879,IS157,L10.836A,Karl,266,2024-09-22 23:34:00
458179,IS157,L10.836A,Kim,323,2024-11-19 02:49:00
456680,IS158,L10.837C,Kun,57,2024-02-27 00:36:00
456980,IS158,L10.837C,Kamel,106,2024-04-16 02:13:00
457280,IS158,L10.837C,Kim,156,2024-06-04 23:55:00
457580,IS158,L10.837C,Kamel,225,2024-08-13 02:54:00
457880,IS158,L10.837C,Kim,266,2024-09-23 02:12:00
458180,IS158,L10.837C,Karen,323,2024-11-19 01:56:00
456681,IS503,L11.513F,Kamel,57,2024-02-27 01:38:00
456981,IS503,L11.513F,Kim,106,2024-04-16 01:45:00
457281,IS503,L11.513F,Kamel,156,2024-06-05 01:14:00
457581,IS503,L11.513F,Kun,225,2024-08-13 00:51:00
457881,IS503,L11.513F,Kamel,266,2024-09-23 02:19:00
458181,IS503,L11.513F,Kamel,323,2024-11-19 02:05:00
456682,IS504,L11.514G,Karen,57,2024-02-27 01:09:00
456982,IS504,L11.514G,Kim,106,2024-04-16 01:20:00
457282,IS504,L11.514G,Karl,156,2024-06-05 02:22:00
457582,IS504,L11.514G,Kun,225,2024-08-13 00:07:00
457882,IS504,L11.514G,Kim,266,2024-09-23 01:16:00
458182,IS504,L11.514G,Kim,323,2024-11-19 01:14:00
456600,IS101,L10.366R,Kim,49,2024-02-18 23:36:00
457200,IS101,L10.366R,Kim,171,2024-07-11 02:41:00
457500,IS101,L10.366R,Kun,204,2024-07-23 01:34:00
457800,IS101,L10.366R,Kim,273,2024-09-30 00:21:00
458100,IS101,L10.366R,Karl,316,2024-11-12 02:23:00
456601,IS102,L10.367S,Karl,49,2024-02-19 01:06:00
456901,IS102,L10.367S,Kim,108,2024-04-18 00:48:00
457201,IS102,L10.367S,Kamel,171,2024-07-11 01:13:00
457501,IS102,L10.367S,Kun,204,2024-07-22 23:10:00
457801,IS102,L10.367S,Karl,273,2024-09-30 02:24:00
458101,IS102,L10.367S,Karen,316,2024-11-11 23:19:00
456602,IS103,L10.368T,Kim,49,2024-02-19 00:15:00
456902,IS103,L10.368T,Karl,108,2024-04-18 02:08:00
457202,IS103,L10.368T,Kamel,171,2024-07-11 01:55:00
457502,IS103,L10.368T,Kun,204,2024-07-23 01:24:00
457802,IS103,L10.368T,Kun,273,2024-09-29 23:55:00
458102,IS103,L10.368T,Karen,316,2024-11-12 00:15:00
456603,IS104,L10.369U,Kun,49,2024-02-19 01:59:00
456903,IS104,L10.369U,Kun,108,2024-04-18 00:43:00
457203,IS104,L10.369U,Kun,171,2024-07-10 23:22:00
457503,IS104,L10.369U,Kim,204,2024-07-23 01:47:00
457803,IS104,L10.369U,Kamel,273,2024-09-29 23:45:00
458103,IS104,L10.369U,Kim,316,2024-11-11 23:52:00
456604,IS105,L10.371W,Karl,49,2024-02-19 01:39:00
456904,IS105,L10.371W,Karen,108,2024-04-18 00:53:00
457204,IS105,L10.371W,Kun,171,2024-07-10 23:55:00
457504,IS105,L10.371W,Karen,204,2024-07-23 02:50:00
457804,IS105,L10.371W,Kun,273,2024-09-30 00:08:00
458104,IS105,L10.371W,Kun,316,2024-11-11 23:52:00
456605,IS106,L10.372X,Kim,49,2024-02-19 01:52:00
456905,IS106,L10.372X,Kim,108,2024-04-18 00:42:00
457505,IS106,L10.372X,Kamel,204,2024-07-23 02:24:00
457805,IS106,L10.372X,Kun,273,2024-09-30 01:48:00
458105,IS106,L10.372X,Kamel,316,2024-11-12 01:10:00
456606,IS107,L10.373Y,Kun,49,2024-02-19 01:12:00
456906,IS107,L10.373Y,Kamel,108,2024-04-18 01:52:00
457206,IS107,L10.373Y,Kamel,171,2024-07-11 01:34:00
457506,IS107,L10.373Y,Kim,204,2024-07-23 00:23:00
457806,IS107,L10.373Y,Karen,273,2024-09-30 02:06:00
458106,IS107,L10.373Y,Kun,316,2024-11-12 01:34:00
456607,IS108,L10.374A,Kamel,49,2024-02-19 01:57:00
456907,IS108,L10.374A,Kamel,108,2024-04-18 02:59:00
457207,IS108,L10.374A,Kamel,171,2024-07-11 01:22:00
457507,IS108,L10.374A,Karl,204,2024-07-23 02:16:00
458107,IS108,L10.374A,Kun,316,2024-11-11 23:05:00
456608,IS109,L10.375C,Karl,49,2024-02-19 00:59:00
456908,IS109,L10.375C,Kamel,108,2024-04-18 00:21:00
457208,IS109,L10.375C,Kamel,171,2024-07-10 23:39:00
457508,IS109,L10.375C,Karen,204,2024-07-23 00:27:00
457808,IS109,L10.375C,Karl,273,2024-09-30 01:44:00
458108,IS109,L10.375C,Kun,316,2024-11-12 00:36:00
456609,IS110,L10.376D,Karen,49,2024-02-18 23:57:00
456909,IS110,L10.376D,Kun,108,2024-04-18 01:10:00
457209,IS110,L10.376D,Kamel,171,2024-07-11 02:38:00
457509,IS110,L10.376D,Kun,204,2024-07-23 02:52:00
457809,IS110,L10.376D,Karen,273,2024-09-30 01:47:00
458109,IS110,L10.376D,Karen,316,2024-11-12 02:04:00
456910,IS111,L10.377E,Karl,108,2024-04-18 01:14:00
457210,IS111,L10.377E,Karen,171,2024-07-10 23:07:00
457510,IS111,L10.377E,Kamel,204,2024-07-23 00:19:00
457810,IS111,L10.377E,Karl,273,2024-09-30 01:44:00
456611,IS112,L10.378F,Karen,49,2024-02-19 01:35:00
456911,IS112,L10.378F,Kamel,108,2024-04-18 01:38:00
457211,IS112,L10.378F,Karen,171,2024-07-11 01:46:00
457511,IS112,L10.378F,Karen,204,2024-07-23 02:19:00
457811,IS112,L10.378F,Kun,273,2024-09-30 00:51:00
458111,IS112,L10.378F,Kun,316,2024-11-12 00:19:00
456612,IS113,L10.379G,Karl,49,2024-02-19 02:32:00
456912,IS113,L10.379G,Karl,108,2024-04-17 23:21:00
457212,IS113,L10.379G,Karl,171,2024-07-11 02:18:00
457512,IS113,L10.379G,Karl,204,2024-07-23 00:14:00
457812,IS113,L10.379G,Karen,273,2024-09-30 00:11:00
458112,IS113,L10.379G,Kamel,316,2024-11-12 01:57:00
456613,IS114,L10.381J,Kun,49,2024-02-19 01:36:00
456913,IS114,L10.381J,Kun,108,2024-04-18 00:03:00
457213,IS114,L10.381J,Karen,171,2024-07-11 02:19:00
457513,IS114,L10.381J,Karl,204,2024-07-22 23:38:00
457813,IS114,L10.381J,Kun,273,2024-09-30 01:13:00
458113,IS114,L10.381J,Karl,316,2024-11-11 23:16:00
456614,IS115,L10.382K,Karen,49,2024-02-19 01:03:00
456914,IS115,L10.382K,Kim,108,2024-04-18 01:54:00
457214,IS115,L10.382K,Kun,171,2024-07-11 00:01:00
457514,IS115,L10.382K,Kim,204,2024-07-23 02:34:00
457814,IS115,L10.382K,Karen,273,2024-09-30 00:40:00
458114,IS115,L10.382K,Kun,316,2024-11-11 23:33:00
456615,IS116,L10.383L,Kim,49,2024-02-19 01:33:00
456915,IS116,L10.383L,Karen,108,2024-04-18 02:54:00
457215,IS116,L10.383L,Karl,171,2024-07-11 01:40:00
457515,IS116,L10.383L,Kamel,204,2024-07-23 00:36:00
457815,IS116,L10.383L,Kamel,273,2024-09-30 01:54:00
456616,IS117,L10.384M,Kun,49,2024-02-19 02:28:00
456916,IS117,L10.384M,Karl,108,2024-04-17 23:05:00
457216,IS117,L10.384M,Kamel,171,2024-07-10 23:38:00
457516,IS117,L10.384M,Karen,204,2024-07-23 00:51:00
457816,IS117,L10.384M,Karen,273,2024-09-30 00:27:00
458116,IS117,L10.384M,Kun,316,2024-11-12 02:05:00
456617,IS118,L10.385N,Kamel,49,2024-02-19 00:44:00
456917,IS118,L10.385N,Kun,108,2024-04-18 02:06:00
457217,IS118,L10.385N,Karl,171,2024-07-11 00:16:00
457517,IS118,L10.385N,Kim,204,2024-07-23 02:42:00
457817,IS118,L10.385N,Karl,273,2024-09-30 01:06:00
458117,IS118,L10.385N,Kamel,316,2024-11-11 23:04:00
456618,IS119,L10.386P,Karen,49,2024-02-19 00:09:00
456918,IS119,L10.386P,Karen,108,2024-04-18 00:42:00
457218,IS119,L10.386P,Karen,171,2024-07-11 00:59:00
457518,IS119,L10.386P,Kamel,204,2024-07-22 23:39:00
457818,IS119,L10.386P,Karl,273,2024-09-29 23:26:00
458118,IS119,L10.386P,Karl,316,2024-11-12 00:33:00
456620,IS121,L10.388S,Karl,49,2024-02-19 01:43:00
456920,IS121,L10.388S,Karl,108,2024-04-17 23:26:00
457220,IS121,L10.388S,Karl,171,2024-07-11 01:26:00
457520,IS121,L10.388S,Karl,204,2024-07-22 23:25:00
457820,IS121,L10.388S,Karl,273,2024-09-30 02:16:00
458120,IS121,L10.388S,Karen,316,2024-11-11 23:36:00
456626,IS127,L10.395A,Karen,49,2024-02-18 23:20:00
456926,IS127,L10.395A,Karl,108,2024-04-18 01:14:00
457226,IS127,L10.395A,Karen,171,2024-07-10 23:42:00
457526,IS127,L10.395A,Kim,204,2024-07-22 23:25:00
457826,IS127,L10.395A,Kim,273,2024-09-30 02:20:00
458126,IS127,L10.395A,Karl,316,2024-11-11 23:58:00
456653,IS103A,L10.425L,Kamel,49,2024-02-19 00:05:00
456953,IS103A,L10.425L,Kun,108,2024-04-18 02:29:00
457253,IS103A,L10.425L,Karen,171,2024-07-10 23:34:00
457553,IS103A,L10.425L,Karl,204,2024-07-23 00:46:00
457853,IS103A,L10.425L,Karen,273,2024-09-29 23:04:00
458153,IS103A,L10.425L,Karen,316,2024-11-12 01:43:00
456669,IS501,L10.668A,Kamel,49,2024-02-19 01:55:00
456969,IS501,L10.668A,Karen,108,2024-04-18 02:36:00
457269,IS501,L10.668A,Karl,171,2024-07-11 02:07:00
457569,IS501,L10.668A,Karen,204,2024-07-23 01:12:00
457869,IS501,L10.668A,Karl,273,2024-09-30 01:32:00
458169,IS501,L10.668A,Kim,316,2024-11-12 02:40:00
456683,IS185,L11.773P,Karen,49,2024-02-19 02:24:00
457283,IS185,L11.773P,Kim,171,2024-07-11 02:42:00
457583,IS185,L11.773P,Kamel,204,2024-07-23 00:39:00
457883,IS185,L11.773P,Karen,273,2024-09-30 01:36:00
458183,IS185,L11.773P,Kamel,316,2024-11-11 23:40:00
456684,IS186,L11.774R,Kim,49,2024-02-18 23:08:00
456984,IS186,L11.774R,Karl,108,2024-04-18 00:55:00
457284,IS186,L11.774R,Kun,171,2024-07-11 00:40:00
457584,IS186,L11.774R,Kim,204,2024-07-23 00:51:00
457884,IS186,L11.774R,Kim,273,2024-09-30 00:50:00
458184,IS186,L11.774R,Karen,316,2024-11-11 23:19:00
456863,IS438,L10.625Y,Kamel,45,2024-02-14 23:15:00
457163,IS438,L10.625Y,Kun,112,2024-04-22 01:40:00
457463,IS438,L10.625Y,Karen,170,2024-06-19 00:36:00
458063,IS438,L10.625Y,Kun,259,2024-10-06 23:41:00
458363,IS438,L10.625Y,Karl,325,2024-11-21 00:31:00
457164,IS439,L10.626A,Kun,112,2024-04-21 23:33:00
457464,IS439,L10.626A,Kim,170,2024-06-19 02:11:00
458064,IS439,L10.626A,Kun,259,2024-10-07 00:55:00
458364,IS439,L10.626A,Kamel,325,2024-11-21 01:59:00
456865,IS440,L10.627C,Kim,45,2024-02-15 01:35:00
457165,IS440,L10.627C,Kun,112,2024-04-22 01:59:00
457465,IS440,L10.627C,Kun,170,2024-06-18 23:38:00
458065,IS440,L10.627C,Karl,259,2024-10-07 00:01:00
458365,IS440,L10.627C,Kim,325,2024-11-21 02:42:00
456866,IS441,L10.628D,Kim,45,2024-02-15 02:29:00
457166,IS441,L10.628D,Kim,112,2024-04-22 01:34:00
457466,IS441,L10.628D,Kun,170,2024-06-19 00:01:00
458066,IS441,L10.628D,Kun,259,2024-10-06 23:02:00
458366,IS441,L10.628D,Karen,325,2024-11-20 23:09:00
456867,IS442,L10.629E,Kamel,45,2024-02-14 23:55:00
457167,IS442,L10.629E,Kun,112,2024-04-22 02:07:00
457467,IS442,L10.629E,Karen,170,2024-06-19 02:09:00
458067,IS442,L10.629E,Karen,259,2024-10-07 02:51:00
458367,IS442,L10.629E,Karl,325,2024-11-21 00:22:00
456868,IS443,L10.631G,Kun,45,2024-02-15 00:34:00
457168,IS443,L10.631G,Kun,112,2024-04-21 23:08:00
457468,IS443,L10.631G,Kim,170,2024-06-19 00:33:00
458068,IS443,L10.631G,Kun,259,2024-10-06 23:36:00
458368,IS443,L10.631G,Kim,325,2024-11-20 23:27:00
456869,IS444,L10.632H,Kun,45,2024-02-15 02:01:00
457169,IS444,L10.632H,Karl,112,2024-04-22 02:14:00
457469,IS444,L10.632H,Kim,170,2024-06-19 00:06:00
458069,IS444,L10.632H,Karen,259,2024-10-07 02:42:00
458369,IS444,L10.632H,Kamel,325,2024-11-21 01:16:00
456870,IS445,L10.633J,Karl,45,2024-02-15 00:48:00
457170,IS445,L10.633J,Kamel,112,2024-04-22 01:24:00
457470,IS445,L10.633J,Kun,170,2024-06-18 23:03:00
458070,IS445,L10.633J,Karl,259,2024-10-07 02:17:00
458370,IS445,L10.633J,Karl,325,2024-11-20 23:32:00
456877,IS457,L10.641T,Karl,45,2024-02-15 00:11:00
457177,IS457,L10.641T,Karen,112,2024-04-22 00:35:00
457477,IS457,L10.641T,Kun,170,2024-06-19 02:09:00
458077,IS457,L10.641T,Kim,259,2024-10-07 01:38:00
458377,IS457,L10.641T,Kun,325,2024-11-20 23:56:00
456878,IS458,L10.642U,Kamel,45,2024-02-15 01:20:00
457178,IS458,L10.642U,Kim,112,2024-04-22 00:30:00
457478,IS458,L10.642U,Kun,170,2024-06-18 23:37:00
458078,IS458,L10.642U,Kamel,259,2024-10-07 02:29:00
458378,IS458,L10.642U,Kamel,325,2024-11-21 01:05:00
456879,IS459,L10.643V,Karl,45,2024-02-15 02:29:00
457479,IS459,L10.643V,Kun,170,2024-06-19 00:24:00
458079,IS459,L10.643V,Kun,259,2024-10-06 23:28:00
458379,IS459,L10.643V,Karen,325,2024-11-21 00:43:00
456880,IS460,L10.644W,Kun,45,2024-02-14 23:55:00
457180,IS460,L10.644W,Kamel,112,2024-04-22 00:15:00
457480,IS460,L10.644W,Kim,170,2024-06-19 01:54:00
458380,IS460,L10.644W,Karen,325,2024-11-21 02:56:00
456881,IS461,L10.645X,Karen,45,2024-02-15 00:47:00
457181,IS461,L10.645X,Karl,112,2024-04-21 23:51:00
457481,IS461,L10.645X,Karl,170,2024-06-19 01:12:00
458081,IS461,L10.645X,Kamel,259,2024-10-06 23:44:00
458381,IS461,L10.645X,Karl,325,2024-11-21 00:46:00
456882,IS462,L10.646Y,Karen,45,2024-02-14 23:38:00
457182,IS462,L10.646Y,Kun,112,2024-04-22 00:45:00
457482,IS462,L10.646Y,Karen,170,2024-06-19 01:56:00
458082,IS462,L10.646Y,Kim,259,2024-10-07 01:57:00
458382,IS462,L10.646Y,Kim,325,2024-11-21 00:36:00
456885,IS463,L11.515H,Karl,45,2024-02-14 23:33:00
457185,IS463,L11.515H,Kim,112,2024-04-22 00:02:00
457485,IS463,L11.515H,Karen,170,2024-06-19 00:55:00
458085,IS463,L11.515H,Karen,259,2024-10-06 23:54:00
458385,IS463,L11.515H,Kun,325,2024-11-21 02:36:00
456856,IS431,L10.617P,Kun,51,2024-03-13 01:16:00
457156,IS431,L10.617P,Kim,106,2024-05-07 02:22:00
457456,IS431,L10.617P,Kim,162,2024-06-11 02:33:00
457756,IS431,L10.617P,Kim,212,2024-07-31 02:20:00
458056,IS431,L10.617P,Kun,281,2024-10-08 00:48:00
458356,IS431,L10.617P,Karl,337,2024-12-03 01:13:00
456857,IS432,L10.618R,Kim,51,2024-03-13 01:41:00
457157,IS432,L10.618R,Kim,106,2024-05-07 02:21:00
457457,IS432,L10.618R,Kun,162,2024-06-11 00:39:00
457757,IS432,L10.618R,Kamel,212,2024-07-31 02:01:00
458057,IS432,L10.618R,Kamel,281,2024-10-08 01:54:00
458357,IS432,L10.618R,Kim,337,2024-12-03 02:08:00
456858,IS433,L10.619S,Karl,51,2024-03-12 23:04:00
457158,IS433,L10.619S,Kamel,106,2024-05-06 23:05:00
457458,IS433,L10.619S,Kun,162,2024-06-11 01:54:00
458058,IS433,L10.619S,Karl,281,2024-10-08 01:05:00
458358,IS433,L10.619S,Kamel,337,2024-12-03 01:06:00
456859,IS434,L10.621U,Kun,51,2024-03-13 01:54:00
457159,IS434,L10.621U,Karen,106,2024-05-06 23:56:00
457459,IS434,L10.621U,Karen,162,2024-06-11 00:56:00
457759,IS434,L10.621U,Kamel,212,2024-07-31 00:05:00
458059,IS434,L10.621U,Kun,281,2024-10-07 23:00:00
458359,IS434,L10.621U,Karl,337,2024-12-02 23:39:00
456860,IS435,L10.622V,Kim,51,2024-03-13 01:42:00
457160,IS435,L10.622V,Kim,106,2024-05-06 23:05:00
457460,IS435,L10.622V,Karen,162,2024-06-10 23:12:00
457760,IS435,L10.622V,Kamel,212,2024-07-31 00:52:00
458060,IS435,L10.622V,Karl,281,2024-10-08 00:47:00
458360,IS435,L10.622V,Karl,337,2024-12-03 02:21:00
456861,IS436,L10.623W,Karl,51,2024-03-13 02:12:00
457161,IS436,L10.623W,Kamel,106,2024-05-06 23:28:00
457461,IS436,L10.623W,Kun,162,2024-06-11 02:05:00
457761,IS436,L10.623W,Kim,212,2024-07-30 23:15:00
458061,IS436,L10.623W,Karl,281,2024-10-08 00:34:00
458361,IS436,L10.623W,Kamel,337,2024-12-03 01:11:00
456862,IS437,L10.624X,Kamel,51,2024-03-12 23:27:00
457162,IS437,L10.624X,Karen,106,2024-05-07 02:07:00
457462,IS437,L10.624X,Kim,162,2024-06-11 02:21:00
457762,IS437,L10.624X,Karl,212,2024-07-31 00:13:00
458062,IS437,L10.624X,Kamel,281,2024-10-08 00:46:00
458362,IS437,L10.624X,Kun,337,2024-12-03 02:58:00
456871,IS451,L10.634K,Karl,51,2024-03-13 02:40:00
457171,IS451,L10.634K,Karl,106,2024-05-07 01:47:00
457471,IS451,L10.634K,Kamel,162,2024-06-11 00:01:00
457771,IS451,L10.634K,Karen,212,2024-07-31 01:53:00
458071,IS451,L10.634K,Kamel,281,2024-10-08 02:13:00
458371,IS451,L10.634K,Kun,337,2024-12-03 00:13:00
456872,IS452,L10.635L,Kamel,51,2024-03-13 00:09:00
457172,IS452,L10.635L,Kamel,106,2024-05-07 00:14:00
457472,IS452,L10.635L,Kun,162,2024-06-11 02:33:00
457772,IS452,L10.635L,Kun,212,2024-07-31 01:53:00
458072,IS452,L10.635L,Kim,281,2024-10-08 02:06:00
456873,IS453,L10.636M,Karl,51,2024-03-13 02:25:00
457173,IS453,L10.636M,Karen,106,2024-05-06 23:24:00
457473,IS453,L10.636M,Kamel,162,2024-06-10 23:38:00
457773,IS453,L10.636M,Karen,212,2024-07-31 00:56:00
458073,IS453,L10.636M,Kim,281,2024-10-07 23:18:00
458373,IS453,L10.636M,Kim,337,2024-12-02 23:43:00
456874,IS454,L10.637N,Karen,51,2024-03-13 01:34:00
457174,IS454,L10.637N,Kun,106,2024-05-07 01:22:00
457474,IS454,L10.637N,Kim,162,2024-06-11 01:01:00
457774,IS454,L10.637N,Karl,212,2024-07-30 23:39:00
458074,IS454,L10.637N,Karen,281,2024-10-07 23:11:00
458374,IS454,L10.637N,Karl,337,2024-12-03 00:02:00
456875,IS455,L10.638P,Karen,51,2024-03-12 23:05:00
457175,IS455,L10.638P,Kim,106,2024-05-07 01:41:00
457475,IS455,L10.638P,Kim,162,2024-06-11 02:57:00
457775,IS455,L10.638P,Kamel,212,2024-07-31 00:55:00
458075,IS455,L10.638P,Kim,281,2024-10-08 01:15:00
458375,IS455,L10.638P,Kamel,337,2024-12-03 01:24:00
456876,IS456,L10.639R,Kun,51,2024-03-12 23:29:00
457176,IS456,L10.639R,Karl,106,2024-05-06 23:56:00
457476,IS456,L10.639R,Kamel,162,2024-06-11 00:21:00
457776,IS456,L10.639R,Kun,212,2024-07-31 00:15:00
458076,IS456,L10.639R,Kun,281,2024-10-07 23:51:00
458376,IS456,L10.639R,Kun,337,2024-12-03 00:22:00
456830,IS409,L10.607D,Karen,57,2024-02-27 00:58:00
457130,IS409,L10.607D,Kun,98,2024-04-08 02:44:00
457730,IS409,L10.607D,Karen,213,2024-08-01 01:36:00
458030,IS409,L10.607D,Kamel,276,2024-10-03 02:14:00
458330,IS409,L10.607D,Karl,331,2024-11-27 02:11:00
456831,IS410,L10.608E,Kun,57,2024-02-27 00:03:00
457131,IS410,L10.608E,Karl,98,2024-04-08 01:57:00
457731,IS410,L10.608E,Karl,213,2024-08-01 00:34:00
458031,IS410,L10.608E,Kim,276,2024-10-03 01:00:00
458331,IS410,L10.608E,Karen,331,2024-11-27 01:34:00
456832,IS411,L10.609F,Kun,57,2024-02-27 02:29:00
457132,IS411,L10.609F,Kun,98,2024-04-08 00:01:00
457732,IS411,L10.609F,Kun,213,2024-07-31 23:54:00
458032,IS411,L10.609F,Karl,276,2024-10-02 23:45:00
458332,IS411,L10.609F,Kamel,331,2024-11-26 23:30:00
456833,IS412,L10.611H,Karl,57,2024-02-27 00:03:00
457133,IS412,L10.611H,Kun,98,2024-04-08 02:48:00
457733,IS412,L10.611H,Kun,213,2024-08-01 02:15:00
458033,IS412,L10.611H,Kamel,276,2024-10-03 01:35:00
458333,IS412,L10.611H,Kamel,331,2024-11-26 23:26:00
456834,IS413,L10.612J,Kun,57,2024-02-27 00:35:00
457134,IS413,L10.612J,Kun,98,2024-04-08 01:58:00
457734,IS413,L10.612J,Kim,213,2024-08-01 00:56:00
458034,IS413,L10.612J,Kamel,276,2024-10-03 00:56:00
458334,IS413,L10.612J,Karl,331,2024-11-26 23:13:00
456822,IS401,L10.598S,Kamel,51,2024-02-21 01:11:00
457122,IS401,L10.598S,Kamel,91,2024-03-31 23:48:00
457422,IS401,L10.598S,Kun,157,2024-06-05 23:27:00
457722,IS401,L10.598S,Karen,203,2024-07-22 00:11:00
458022,IS401,L10.598S,Karl,274,2024-10-01 01:00:00
456823,IS402,L10.599T,Kim,51,2024-02-20 23:40:00
457123,IS402,L10.599T,Kim,91,2024-04-01 00:11:00
457423,IS402,L10.599T,Karl,157,2024-06-06 00:06:00
457723,IS402,L10.599T,Karen,203,2024-07-22 02:53:00
458023,IS402,L10.599T,Kim,274,2024-10-01 01:14:00
458323,IS402,L10.599T,Kun,316,2024-12-03 01:54:00
456824,IS403,L10.601V,Kim,51,2024-02-21 00:02:00
457124,IS403,L10.601V,Kamel,91,2024-03-31 23:33:00
457424,IS403,L10.601V,Kim,157,2024-06-06 02:40:00
457724,IS403,L10.601V,Karen,203,2024-07-22 00:09:00
458024,IS403,L10.601V,Kim,274,2024-09-30 23:05:00
458324,IS403,L10.601V,Kun,316,2024-12-03 02:27:00
456825,IS404,L10.602W,Kim,51,2024-02-20 23:29:00
457125,IS404,L10.602W,Karl,91,2024-04-01 00:51:00
457425,IS404,L10.602W,Karen,157,2024-06-06 01:37:00
457725,IS404,L10.602W,Karl,203,2024-07-21 23:20:00
458025,IS404,L10.602W,Karen,274,2024-10-01 00:54:00
458325,IS404,L10.602W,Karl,316,2024-12-03 00:40:00
456826,IS405,L10.603X,Kun,51,2024-02-20 23:25:00
457126,IS405,L10.603X,Karen,91,2024-04-01 02:12:00
457426,IS405,L10.603X,Karen,157,2024-06-06 02:17:00
457726,IS405,L10.603X,Kim,203,2024-07-22 00:46:00
458026,IS405,L10.603X,Kun,274,2024-10-01 01:37:00
458326,IS405,L10.603X,Kun,316,2024-12-02 23:32:00
456827,IS406,L10.604Y,Kamel,51,2024-02-21 01:18:00
457127,IS406,L10.604Y,Karen,91,2024-04-01 00:30:00
457427,IS406,L10.604Y,Kamel,157,2024-06-06 02:25:00
457727,IS406,L10.604Y,Kim,203,2024-07-22 00:14:00
458027,IS406,L10.604Y,Kamel,274,2024-10-01 02:09:00
458327,IS406,L10.604Y,Karl,316,2024-12-03 01:20:00
456828,IS407,L10.605A,Kim,51,2024-02-21 02:20:00
457128,IS407,L10.605A,Kun,91,2024-03-31 23:04:00
457428,IS407,L10.605A,Kim,157,2024-06-06 01:06:00
457728,IS407,L10.605A,Kun,203,2024-07-22 02:34:00
458028,IS407,L10.605A,Karl,274,2024-09-30 23:07:00
458328,IS407,L10.605A,Karl,316,2024-12-03 02:42:00
456829,IS408,L10.606C,Kamel,51,2024-02-21 01:43:00
457129,IS408,L10.606C,Kamel,91,2024-04-01 02:50:00
457429,IS408,L10.606C,Karen,157,2024-06-06 01:24:00
457729,IS408,L10.606C,Kamel,203,2024-07-22 01:37:00
458029,IS408,L10.606C,Kun,274,2024-10-01 02:21:00
458329,IS408,L10.606C,Kamel,316,2024-12-03 00:49:00
456753,IS203,L10.447M,Kim,42,2024-02-12 00:02:00
457353,IS203,L10.447M,Karl,148,2024-05-27 23:00:00
457653,IS203,L10.447M,Karen,220,2024-08-08 02:52:00
457953,IS203,L10.447M,Kun,266,2024-09-22 23:44:00
456754,IS204,L10.448N,Kim,42,2024-02-12 02:14:00
457054,IS204,L10.448N,Kim,94,2024-04-04 01:01:00
457354,IS204,L10.448N,Karen,148,2024-05-27 23:53:00
457654,IS204,L10.448N,Karl,220,2024-08-07 23:42:00
457954,IS204,L10.448N,Kamel,266,2024-09-23 02:19:00
456757,IS213,L10.452T,Kim,42,2024-02-12 00:33:00
457057,IS213,L10.452T,Karl,94,2024-04-04 02:46:00
457657,IS213,L10.452T,Kim,220,2024-08-08 01:33:00
457957,IS213,L10.452T,Kim,266,2024-09-23 02:06:00
456758,IS214,L10.453U,Kun,42,2024-02-12 00:42:00
457058,IS214,L10.453U,Karen,94,2024-04-04 01:32:00
457358,IS214,L10.453U,Karen,148,2024-05-28 01:27:00
457658,IS214,L10.453U,Kim,220,2024-08-08 01:26:00
457958,IS214,L10.453U,Karl,266,2024-09-22 23:09:00
456771,IS237A,L10.467L,Kim,42,2024-02-12 00:28:00
457371,IS237A,L10.467L,Karen,148,2024-05-27 23:30:00
457671,IS237A,L10.467L,Kamel,220,2024-08-07 23:18:00
457971,IS237A,L10.467L,Karl,266,2024-09-22 23:40:00
456772,IS234,L10.468M,Karl,42,2024-02-12 02:33:00
457072,IS234,L10.468M,Kamel,94,2024-04-04 01:28:00
457372,IS234,L10.468M,Kamel,148,2024-05-27 23:17:00
457672,IS234,L10.468M,Kun,220,2024-08-08 00:07:00
457972,IS234,L10.468M,Kim,266,2024-09-22 23:41:00
456773,IS235,L10.469N,Karen,42,2024-02-12 01:16:00
457073,IS235,L10.469N,Kim,94,2024-04-04 00:59:00
457373,IS235,L10.469N,Karl,148,2024-05-28 00:05:00
457673,IS235,L10.469N,Karen,220,2024-08-08 01:22:00
457973,IS235,L10.469N,Karen,266,2024-09-22 23:49:00
456774,IS236,L10.471R,Kamel,42,2024-02-11 23:44:00
457074,IS236,L10.471R,Kamel,94,2024-04-03 23:41:00
457374,IS236,L10.471R,Kim,148,2024-05-28 02:32:00
457674,IS236,L10.471R,Karl,220,2024-08-08 01:18:00
457974,IS236,L10.471R,Kun,266,2024-09-23 02:18:00
456775,IS237,L10.472S,Kun,42,2024-02-12 01:39:00
457075,IS237,L10.472S,Karl,94,2024-04-03 23:47:00
457375,IS237,L10.472S,Kamel,148,2024-05-28 01:18:00
457675,IS237,L10.472S,Kun,220,2024-08-08 02:56:00
457975,IS237,L10.472S,Karl,266,2024-09-23 01:58:00
456776,IS238,L10.473T,Karen,42,2024-02-11 23:58:00
457076,IS238,L10.473T,Kun,94,2024-04-04 02:18:00
457376,IS238,L10.473T,Kamel,148,2024-05-28 00:29:00
457676,IS238,L10.473T,Kun,220,2024-08-07 23:55:00
457976,IS238,L10.473T,Kim,266,2024-09-23 02:02:00
456777,IS239,L10.474U,Karen,42,2024-02-12 00:29:00
457077,IS239,L10.474U,Karen,94,2024-04-04 00:22:00
457377,IS239,L10.474U,Karen,148,2024-05-28 01:26:00
457677,IS239,L10.474U,Kamel,220,2024-08-07 23:44:00
456778,IS240,L10.475V,Karen,42,2024-02-11 23:26:00
457078,IS240,L10.475V,Kim,94,2024-04-03 23:30:00
457378,IS240,L10.475V,Kun,148,2024-05-27 23:20:00
457678,IS240,L10.475V,Kim,220,2024-08-08 02:41:00
457978,IS240,L10.475V,Karen,266,2024-09-23 01:34:00
456779,IS241,L10.476W,Kun,42,2024-02-12 02:51:00
457079,IS241,L10.476W,Karen,94,2024-04-04 02:46:00
457379,IS241,L10.476W,Kamel,148,2024-05-28 00:05:00
457679,IS241,L10.476W,Kamel,220,2024-08-08 02:08:00
457979,IS241,L10.476W,Kun,266,2024-09-23 02:48:00
456780,IS238A,L10.477X,Karl,42,2024-02-11 23:11:00
457380,IS238A,L10.477X,Karl,148,2024-05-28 02:19:00
457680,IS238A,L10.477X,Kim,220,2024-08-08 01:57:00
457980,IS238A,L10.477X,Karen,266,2024-09-22 23:55:00
457081,IS243,L10.478Y,Karen,94,2024-04-03 23:44:00
457381,IS243,L10.478Y,Karl,148,2024-05-28 00:30:00
457981,IS243,L10.478Y,Kun,266,2024-09-22 23:15:00
456783,IS245,L10.481D,Kun,42,2024-02-12 02:36:00
457083,IS245,L10.481D,Kun,94,2024-04-04 00:28:00
457383,IS245,L10.481D,Karen,148,2024-05-28 02:40:00
457683,IS245,L10.481D,Kim,220,2024-08-08 00:16:00
457983,IS245,L10.481D,Kamel,266,2024-09-23 00:47:00
456751,IS201,L10.445K,Kim,59,2024-02-28 23:24:00
457051,IS201,L10.445K,Karl,114,2024-05-15 00:24:00
457351,IS201,L10.445K,Karl,171,2024-06-20 01:54:00
457651,IS201,L10.445K,Kim,219,2024-08-07 00:54:00
457951,IS201,L10.445K,Kamel,280,2024-10-07 02:07:00
458251,IS201,L10.445K,Karl,316,2024-11-12 01:41:00
456752,IS202,L10.446L,Kun,59,2024-02-29 02:48:00
457052,IS202,L10.446L,Kim,114,2024-05-15 01:47:00
457352,IS202,L10.446L,Kamel,171,2024-06-19 23:41:00
457652,IS202,L10.446L,Karl,219,2024-08-07 02:01:00
457952,IS202,L10.446L,Karl,280,2024-10-07 02:20:00
458252,IS202,L10.446L,Kamel,316,2024-11-11 23:46:00
456755,IS211,L10.449P,Kun,59,2024-02-29 00:32:00
457055,IS211,L10.449P,Kun,114,2024-05-14 23:09:00
457355,IS211,L10.449P,Kun,171,2024-06-20 01:07:00
457955,IS211,L10.449P,Kim,280,2024-10-06 23:36:00
456756,IS212,L10.451S,Kamel,59,2024-02-29 00:15:00
457056,IS212,L10.451S,Karen,114,2024-05-15 00:28:00
457356,IS212,L10.451S,Karen,171,2024-06-20 01:35:00
457656,IS212,L10.451S,Karen,219,2024-08-07 01:14:00
457956,IS212,L10.451S,Kim,280,2024-10-07 00:50:00
458256,IS212,L10.451S,Kamel,316,2024-11-12 00:37:00
456759,IS221,L10.454V,Kamel,59,2024-02-29 00:29:00
457059,IS221,L10.454V,Karen,114,2024-05-15 01:26:00
457359,IS221,L10.454V,Kamel,171,2024-06-20 01:29:00
457659,IS221,L10.454V,Kun,219,2024-08-07 02:29:00
457959,IS221,L10.454V,Karl,280,2024-10-07 02:54:00
458259,IS221,L10.454V,Kim,316,2024-11-12 02:48:00
456760,IS222,L10.455W,Karl,59,2024-02-29 01:23:00
457060,IS222,L10.455W,Karen,114,2024-05-15 01:45:00
457360,IS222,L10.455W,Kun,171,2024-06-20 01:33:00
457660,IS222,L10.455W,Karen,219,2024-08-07 01:27:00
457960,IS222,L10.455W,Karl,280,2024-10-07 01:41:00
458260,IS222,L10.455W,Kamel,316,2024-11-12 00:19:00
456761,IS223,L10.456X,Karl,59,2024-02-28 23:37:00
457061,IS223,L10.456X,Kun,114,2024-05-14 23:04:00
457361,IS223,L10.456X,Kamel,171,2024-06-20 02:11:00
457661,IS223,L10.456X,Karl,219,2024-08-07 02:59:00
458261,IS223,L10.456X,Karen,316,2024-11-11 23:22:00
456762,IS224,L10.457Y,Karen,59,2024-02-29 00:57:00
457062,IS224,L10.457Y,Kamel,114,2024-05-15 02:35:00
457362,IS224,L10.457Y,Kun,171,2024-06-19 23:04:00
457662,IS224,L10.457Y,Karen,219,2024-08-07 02:59:00
457962,IS224,L10.457Y,Kim,280,2024-10-07 01:20:00
458262,IS224,L10.457Y,Kamel,316,2024-11-12 00:12:00
456763,IS225,L10.458A,Kamel,59,2024-02-29 01:30:00
457063,IS225,L10.458A,Kamel,114,2024-05-15 02:24:00
457363,IS225,L10.458A,Karen,171,2024-06-19 23:42:00
457663,IS225,L10.458A,Karl,219,2024-08-06 23:48:00
457963,IS225,L10.458A,Kamel,280,2024-10-07 01:01:00
458263,IS225,L10.458A,Kamel,316,2024-11-12 01:18:00
456764,IS226,L10.459C,Kim,59,2024-02-29 00:13:00
457064,IS226,L10.459C,Kun,114,2024-05-15 02:41:00
457364,IS226,L10.459C,Kim,171,2024-06-20 00:41:00
457664,IS226,L10.459C,Kamel,219,2024-08-06 23:02:00
458264,IS226,L10.459C,Kun,316,2024-11-12 00:52:00
457365,IS227,L10.461E,Kun,171,2024-06-20 02:08:00
457665,IS227,L10.461E,Kun,219,2024-08-07 01:16:00
457965,IS227,L10.461E,Karen,280,2024-10-06 23:59:00
458265,IS227,L10.461E,Karen,316,2024-11-12 00:01:00
456766,IS228,L10.462F,Kamel,59,2024-02-29 00:15:00
457066,IS228,L10.462F,Karen,114,2024-05-15 02:53:00
457366,IS228,L10.462F,Kamel,171,2024-06-20 00:38:00
457666,IS228,L10.462F,Kim,219,2024-08-07 00:07:00
457966,IS228,L10.462F,Kun,280,2024-10-07 01:24:00
458266,IS228,L10.462F,Kamel,316,2024-11-12 00:58:00
457067,IS229,L10.463G,Karl,114,2024-05-15 01:43:00
457367,IS229,L10.463G,Karl,171,2024-06-19 23:01:00
457667,IS229,L10.463G,Kun,219,2024-08-07 01:40:00
457967,IS229,L10.463G,Karen,280,2024-10-07 01:45:00
458267,IS229,L10.463G,Kim,316,2024-11-12 02:34:00
456768,IS230,L10.464H,Kun,59,2024-02-28 23:52:00
457068,IS230,L10.464H,Karl,114,2024-05-15 00:22:00
457368,IS230,L10.464H,Kun,171,2024-06-20 01:21:00
457668,IS230,L10.464H,Karl,219,2024-08-06 23:54:00
457968,IS230,L10.464H,Kim,280,2024-10-07 00:57:00
458268,IS230,L10.464H,Karl,316,2024-11-12 01:56:00
456769,IS228A,L10.465J,Kun,59,2024-02-28 23:10:00
457069,IS228A,L10.465J,Kun,114,2024-05-15 02:36:00
457369,IS228A,L10.465J,Kun,171,2024-06-20 01:36:00
457669,IS228A,L10.465J,Kamel,219,2024-08-07 01:51:00
457969,IS228A,L10.465J,Karen,280,2024-10-07 01:33:00
458269,IS228A,L10.465J,Kun,316,2024-11-12 00:27:00
456770,IS232,L10.466K,Kim,59,2024-02-28 23:30:00
457070,IS232,L10.466K,Kun,114,2024-05-14 23:51:00
457370,IS232,L10.466K,Kun,171,2024-06-20 02:29:00
457670,IS232,L10.466K,Karen,219,2024-08-07 02:49:00
457970,IS232,L10.466K,Kun,280,2024-10-07 01:41:00
458270,IS232,L10.466K,Karen,316,2024-11-12 02:49:00
456782,IS224A,L10.479A,Kun,59,2024-02-28 23:13:00
457082,IS224A,L10.479A,Kun,114,2024-05-14 23:19:00
457382,IS224A,L10.479A,Kamel,171,2024-06-20 02:46:00
457682,IS224A,L10.479A,Kun,219,2024-08-06 23:14:00
457982,IS224A,L10.479A,Kun,280,2024-10-07 02:33:00
458282,IS224A,L10.479A,Kun,316,2024-11-12 00:51:00
456747,IS525,L11.589V,Kamel,36,2024-02-06 02:14:00
457047,IS525,L11.589V,Karen,100,2024-05-01 02:55:00
457347,IS525,L11.589V,Kim,154,2024-06-03 02:57:00
457947,IS525,L11.589V,Karen,262,2024-09-18 23:46:00
458247,IS525,L11.589V,Kim,317,2024-11-13 02:37:00
456748,IS526,L11.591X,Karen,36,2024-02-06 02:00:00
457048,IS526,L11.591X,Kamel,100,2024-05-01 02:01:00
457348,IS526,L11.591X,Kun,154,2024-06-03 01:30:00
457948,IS526,L11.591X,Karen,262,2024-09-19 01:41:00
458248,IS526,L11.591X,Kamel,317,2024-11-13 01:11:00
456749,IS527,L11.592Y,Kun,36,2024-02-06 01:15:00
457049,IS527,L11.592Y,Kun,100,2024-05-01 01:22:00
457349,IS527,L11.592Y,Karen,154,2024-06-03 02:56:00
457949,IS527,L11.592Y,Kun,262,2024-09-19 02:42:00
456750,IS528,L11.593A,Karl,36,2024-02-05 23:16:00
457350,IS528,L11.593A,Karen,154,2024-06-03 02:26:00
457950,IS528,L11.593A,Karl,262,2024-09-18 23:18:00
458250,IS528,L11.593A,Kamel,317,2024-11-13 00:06:00
456743,IS521,L11.585R,Kamel,42,2024-02-12 00:00:00
457043,IS521,L11.585R,Karl,105,2024-04-15 02:27:00
457343,IS521,L11.585R,Kun,147,2024-05-27 02:29:00
457643,IS521,L11.585R,Karen,224,2024-09-02 01:43:00
457943,IS521,L11.585R,Karl,266,2024-09-23 00:06:00
458243,IS521,L11.585R,Karl,318,2024-12-05 02:58:00
456744,IS522,L11.586S,Kim,42,2024-02-12 00:11:00
457044,IS522,L11.586S,Kun,105,2024-04-15 01:25:00
457344,IS522,L11.586S,Kun,147,2024-05-26 23:43:00
457644,IS522,L11.586S,Kim,224,2024-09-02 01:14:00
457944,IS522,L11.586S,Kim,266,2024-09-22 23:51:00
458244,IS522,L11.586S,Kamel,318,2024-12-05 00:31:00
456745,IS523,L11.587T,Kim,42,2024-02-12 02:34:00
457045,IS523,L11.587T,Karen,105,2024-04-14 23:38:00
457345,IS523,L11.587T,Kamel,147,2024-05-27 02:48:00
457945,IS523,L11.587T,Kim,266,2024-09-23 02:36:00
458245,IS523,L11.587T,Kun,318,2024-12-05 02:12:00
457046,IS524,L11.588U,Kun,105,2024-04-15 00:27:00
457346,IS524,L11.588U,Karen,147,2024-05-27 02:49:00
457646,IS524,L11.588U,Kamel,224,2024-09-02 00:58:00
457946,IS524,L11.588U,Kamel,266,2024-09-23 00:54:00
458246,IS524,L11.588U,Kamel,318,2024-12-05 01:14:00
456737,IS388,L10.592K,Karl,43,2024-02-13 02:20:00
457337,IS388,L10.592K,Kamel,148,2024-05-28 02:59:00
457637,IS388,L10.592K,Kamel,211,2024-07-29 23:14:00
457937,IS388,L10.592K,Kim,268,2024-09-24 23:20:00
458237,IS388,L10.592K,Karen,330,2024-11-25 23:44:00
456738,IS389,L10.593L,Karl,43,2024-02-13 02:18:00
457338,IS389,L10.593L,Kamel,148,2024-05-28 00:15:00
457638,IS389,L10.593L,Kim,211,2024-07-29 23:13:00
457938,IS389,L10.593L,Kamel,268,2024-09-24 23:34:00
458238,IS389,L10.593L,Kim,330,2024-11-26 02:11:00
456739,IS390,L10.594M,Karen,43,2024-02-13 00:34:00
457339,IS390,L10.594M,Karl,148,2024-05-28 00:57:00
457639,IS390,L10.594M,Karen,211,2024-07-30 00:38:00
457939,IS390,L10.594M,Kim,268,2024-09-25 00:24:00
458239,IS390,L10.594M,Karl,330,2024-11-26 00:02:00
456740,IS391,L10.595N,Kun,43,2024-02-13 01:30:00
457340,IS391,L10.595N,Kun,148,2024-05-27 23:02:00
457640,IS391,L10.595N,Kim,211,2024-07-30 00:35:00
457940,IS391,L10.595N,Kamel,268,2024-09-25 01:07:00
456741,IS392,L10.596P,Kim,43,2024-02-12 23:51:00
457341,IS392,L10.596P,Karen,148,2024-05-28 02:18:00
457641,IS392,L10.596P,Kim,211,2024-07-30 02:20:00
458241,IS392,L10.596P,Kun,330,2024-11-26 01:09:00
456742,IS393,L10.597R,Karl,43,2024-02-13 01:00:00
457342,IS393,L10.597R,Kamel,148,2024-05-28 00:53:00
457642,IS393,L10.597R,Karl,211,2024-07-30 01:04:00
457942,IS393,L10.597R,Kun,268,2024-09-24 23:29:00
458242,IS393,L10.597R,Kamel,330,2024-11-26 02:26:00
456730,IS381,L10.584A,Karl,59,2024-02-29 01:54:00
457030,IS381,L10.584A,Kun,108,2024-04-18 01:00:00
457330,IS381,L10.584A,Kamel,170,2024-06-19 00:10:00
457630,IS381,L10.584A,Karl,217,2024-08-25 23:43:00
457930,IS381,L10.584A,Kamel,260,2024-09-16 23:24:00
456731,IS382,L10.585C,Karl,59,2024-02-28 23:08:00
457031,IS382,L10.585C,Kun,108,2024-04-18 01:46:00
457331,IS382,L10.585C,Kamel,170,2024-06-19 00:20:00
457631,IS382,L10.585C,Karen,217,2024-08-26 02:10:00
457931,IS382,L10.585C,Kim,260,2024-09-17 00:07:00
456732,IS383,L10.586D,Kun,59,2024-02-28 23:40:00
457032,IS383,L10.586D,Karl,108,2024-04-18 00:37:00
457332,IS383,L10.586D,Karen,170,2024-06-19 00:52:00
457632,IS383,L10.586D,Kun,217,2024-08-26 02:45:00
457932,IS383,L10.586D,Karen,260,2024-09-17 02:06:00
456733,IS384,L10.587E,Karen,59,2024-02-28 23:26:00
457333,IS384,L10.587E,Kun,170,2024-06-18 23:36:00
457633,IS384,L10.587E,Karl,217,2024-08-26 02:08:00
457933,IS384,L10.587E,Karen,260,2024-09-16 23:56:00
456734,IS385,L10.588F,Kun,59,2024-02-28 23:49:00
457034,IS385,L10.588F,Kim,108,2024-04-17 23:41:00
457334,IS385,L10.588F,Kamel,170,2024-06-19 01:47:00
457634,IS385,L10.588F,Karen,217,2024-08-26 01:21:00
457934,IS385,L10.588F,Kun,260,2024-09-17 01:13:00
456735,IS386,L10.589G,Kun,59,2024-02-28 23:10:00
457035,IS386,L10.589G,Karl,108,2024-04-18 01:30:00
457335,IS386,L10.589G,Kamel,170,2024-06-18 23:51:00
457635,IS386,L10.589G,Karen,217,2024-08-25 23:34:00
457935,IS386,L10.589G,Karl,260,2024-09-17 02:23:00
456736,IS387,L10.591J,Kun,59,2024-02-29 00:35:00
457036,IS387,L10.591J,Kun,108,2024-04-18 01:49:00
457336,IS387,L10.591J,Kim,170,2024-06-18 23:01:00
457636,IS387,L10.591J,Kim,217,2024-08-26 02:11:00
457936,IS387,L10.591J,Karen,260,2024-09-16 23:15:00
456883,IS492,L10.666X,Karl,51,2024-02-21 02:56:00
457183,IS492,L10.666X,Karl,113,2024-04-22 23:45:00
457483,IS492,L10.666X,Kun,164,2024-07-04 01:56:00
457783,IS492,L10.666X,Kamel,224,2024-08-11 23:30:00
458083,IS492,L10.666X,Kun,267,2024-09-24 00:37:00
456884,IS493,L10.667Y,Kamel,51,2024-02-21 01:19:00
457184,IS493,L10.667Y,Karen,113,2024-04-22 23:04:00
457784,IS493,L10.667Y,Kim,224,2024-08-11 23:01:00
458084,IS493,L10.667Y,Karen,267,2024-09-24 02:17:00
458384,IS493,L10.667Y,Kamel,331,2024-11-26 23:59:00
456854,IS423,L10.615M,Kamel,35,2024-02-04 23:01:00
457154,IS423,L10.615M,Karen,94,2024-04-04 00:34:00
457454,IS423,L10.615M,Kamel,162,2024-06-10 23:17:00
457754,IS423,L10.615M,Kamel,217,2024-08-05 01:07:00
458354,IS423,L10.615M,Karen,331,2024-11-27 02:33:00
456855,IS424,L10.616N,Karen,35,2024-02-04 23:47:00
457155,IS424,L10.616N,Kamel,94,2024-04-04 01:57:00
457455,IS424,L10.616N,Kim,162,2024-06-11 02:16:00
457755,IS424,L10.616N,Kamel,217,2024-08-04 23:55:00
458355,IS424,L10.616N,Kamel,331,2024-11-27 02:40:00
456888,IS423A,L11.918M,Karl,35,2024-02-04 23:05:00
457188,IS423A,L11.918M,Kamel,94,2024-04-04 01:34:00
457488,IS423A,L11.918M,Kun,162,2024-06-11 00:27:00
458388,IS423A,L11.918M,Karl,331,2024-11-27 00:00:00
456889,IS423B,L11.919N,Kun,35,2024-02-04 23:05:00
457189,IS423B,L11.919N,Kim,94,2024-04-03 23:27:00
457489,IS423B,L11.919N,Karen,162,2024-06-10 23:18:00
457789,IS423B,L11.919N,Kamel,217,2024-08-05 01:00:00
458389,IS423B,L11.919N,Karen,331,2024-11-27 00:08:00
456852,IS421,L10.613K,Kim,51,2024-02-21 01:25:00
457152,IS421,L10.613K,Karl,101,2024-04-11 00:45:00
457452,IS421,L10.613K,Karl,161,2024-06-09 23:37:00
458052,IS421,L10.613K,Kim,281,2024-10-08 01:32:00
458352,IS421,L10.613K,Kim,329,2024-11-25 01:47:00
456853,IS422,L10.614L,Karl,51,2024-02-21 01:31:00
457153,IS422,L10.614L,Karl,101,2024-04-11 02:02:00
457453,IS422,L10.614L,Kim,161,2024-06-09 23:30:00
458053,IS422,L10.614L,Kim,281,2024-10-08 01:29:00
458353,IS422,L10.614L,Kim,329,2024-11-25 00:54:00
456886,IS421A,L11.916K,Kamel,51,2024-02-21 02:45:00
457186,IS421A,L11.916K,Kim,101,2024-04-11 01:30:00
457486,IS421A,L11.916K,Kun,161,2024-06-10 00:50:00
458086,IS421A,L11.916K,Kamel,281,2024-10-08 02:01:00
458386,IS421A,L11.916K,Kim,329,2024-11-25 02:39:00
456887,IS421B,L11.917L,Kim,51,2024-02-20 23:21:00
457187,IS421B,L11.917L,Karl,101,2024-04-11 02:37:00
457487,IS421B,L11.917L,Karen,161,2024-06-09 23:28:00
458087,IS421B,L11.917L,Karl,281,2024-10-08 00:34:00
457111,IS302,L10.533P,Kim,99,2024-04-08 23:15:00
457411,IS302,L10.533P,Kamel,169,2024-06-17 23:16:00
457711,IS302,L10.533P,Karl,218,2024-08-05 23:45:00
458011,IS302,L10.533P,Kamel,276,2024-10-02 23:16:00
458311,IS302,L10.533P,Kim,330,2024-12-17 00:05:00
456817,IS316,L10.539W,Kamel,58,2024-02-28 01:48:00
457117,IS316,L10.539W,Kun,99,2024-04-09 02:09:00
457417,IS316,L10.539W,Karl,169,2024-06-18 02:47:00
457717,IS316,L10.539W,Karl,218,2024-08-06 01:21:00
458017,IS316,L10.539W,Kim,276,2024-10-03 00:01:00
458317,IS316,L10.539W,Karl,330,2024-12-17 02:28:00
456818,IS317,L10.541Y,Kim,58,2024-02-28 00:32:00
457118,IS317,L10.541Y,Karen,99,2024-04-08 23:42:00
457418,IS317,L10.541Y,Kim,169,2024-06-18 00:25:00
457718,IS317,L10.541Y,Kamel,218,2024-08-06 01:58:00
458018,IS317,L10.541Y,Karen,276,2024-10-02 23:14:00
458318,IS317,L10.541Y,Kamel,330,2024-12-17 00:43:00
456819,IS318,L10.542A,Kun,58,2024-02-28 00:12:00
457119,IS318,L10.542A,Karl,99,2024-04-08 23:07:00
457419,IS318,L10.542A,Karen,169,2024-06-18 02:42:00
457719,IS318,L10.542A,Karl,218,2024-08-06 00:34:00
458019,IS318,L10.542A,Kun,276,2024-10-03 02:38:00
458319,IS318,L10.542A,Kun,330,2024-12-16 23:11:00
456820,IS319,L10.543C,Karl,58,2024-02-27 23:31:00
457120,IS319,L10.543C,Kamel,99,2024-04-09 00:00:00
457420,IS319,L10.543C,Karl,169,2024-06-18 01:27:00
457720,IS319,L10.543C,Kim,218,2024-08-06 00:25:00
458020,IS319,L10.543C,Karl,276,2024-10-03 01:06:00
458320,IS319,L10.543C,Kamel,330,2024-12-17 02:55:00
456821,IS320,L10.544D,Karen,58,2024-02-28 00:29:00
457121,IS320,L10.544D,Kim,99,2024-04-09 00:56:00
457421,IS320,L10.544D,Kun,169,2024-06-18 00:15:00
457721,IS320,L10.544D,Kun,218,2024-08-05 23:21:00
458021,IS320,L10.544D,Karen,276,2024-10-03 02:41:00
458321,IS320,L10.544D,Kamel,330,2024-12-17 02:45:00
456810,IS301,L10.532N,Karl,59,2024-02-29 00:35:00
457110,IS301,L10.532N,Karen,115,2024-04-25 01:43:00
457410,IS301,L10.532N,Kamel,149,2024-05-28 23:06:00
457710,IS301,L10.532N,Kim,206,2024-07-25 01:25:00
458010,IS301,L10.532N,Kun,266,2024-09-23 01:03:00
456812,IS311,L10.534R,Karen,59,2024-02-29 00:10:00
457112,IS311,L10.534R,Kim,115,2024-04-25 02:21:00
457412,IS311,L10.534R,Karl,149,2024-05-29 01:46:00
457712,IS311,L10.534R,Kun,206,2024-07-24 23:29:00
458012,IS311,L10.534R,Karl,266,2024-09-23 01:23:00
458312,IS311,L10.534R,Kamel,337,2024-12-03 02:53:00
456813,IS312,L10.535S,Karl,59,2024-02-29 00:07:00
457113,IS312,L10.535S,Kamel,115,2024-04-25 02:52:00
457413,IS312,L10.535S,Karl,149,2024-05-29 01:04:00
457713,IS312,L10.535S,Karl,206,2024-07-25 02:32:00
458013,IS312,L10.535S,Kim,266,2024-09-23 01:48:00
458313,IS312,L10.535S,Kamel,337,2024-12-03 00:34:00
456814,IS313,L10.536T,Kamel,59,2024-02-29 00:32:00
457114,IS313,L10.536T,Kim,115,2024-04-24 23:03:00
457414,IS313,L10.536T,Karl,149,2024-05-29 01:03:00
457714,IS313,L10.536T,Kun,206,2024-07-25 00:14:00
458014,IS313,L10.536T,Kun,266,2024-09-23 01:17:00
458314,IS313,L10.536T,Karen,337,2024-12-03 01:50:00
456815,IS314,L10.537U,Kamel,59,2024-02-29 01:25:00
457115,IS314,L10.537U,Kamel,115,2024-04-24 23:37:00
457715,IS314,L10.537U,Kamel,206,2024-07-25 02:21:00
458015,IS314,L10.537U,Kim,266,2024-09-23 02:40:00
458315,IS314,L10.537U,Karen,337,2024-12-03 01:25:00
456816,IS315,L10.538V,Karl,59,2024-02-28 23:57:00
457116,IS315,L10.538V,Karen,115,2024-04-24 23:55:00
457416,IS315,L10.538V,Karl,149,2024-05-29 01:39:00
457716,IS315,L10.538V,Kun,206,2024-07-25 02:12:00
458016,IS315,L10.538V,Kun,266,2024-09-23 01:08:00
458316,IS315,L10.538V,Karen,337,2024-12-02 23:28:00
456709,IS276,L10.508K,Karl,58,2024-02-28 02:27:00
457009,IS276,L10.508K,Karen,114,2024-04-23 23:42:00
457309,IS276,L10.508K,Kim,168,2024-06-16 23:38:00
457909,IS276,L10.508K,Kamel,275,2024-10-23 01:28:00
458209,IS276,L10.508K,Kim,325,2024-11-21 02:47:00
456710,IS277,L10.509L,Karl,58,2024-02-27 23:56:00
457010,IS277,L10.509L,Kamel,114,2024-04-23 23:28:00
457310,IS277,L10.509L,Karen,168,2024-06-17 01:05:00
457910,IS277,L10.509L,Karen,275,2024-10-23 02:56:00
458210,IS277,L10.509L,Kim,325,2024-11-21 02:21:00
456711,IS278,L10.511N,Kun,58,2024-02-28 01:19:00
457011,IS278,L10.511N,Kamel,114,2024-04-24 00:30:00
457311,IS278,L10.511N,Kamel,168,2024-06-16 23:02:00
457911,IS278,L10.511N,Kun,275,2024-10-22 23:37:00
458211,IS278,L10.511N,Kamel,325,2024-11-21 00:06:00
456712,IS279,L10.512P,Karl,58,2024-02-28 01:22:00
457012,IS279,L10.512P,Kamel,114,2024-04-24 02:01:00
457312,IS279,L10.512P,Kun,168,2024-06-17 00:51:00
457912,IS279,L10.512P,Karen,275,2024-10-22 23:40:00
458212,IS279,L10.512P,Kun,325,2024-11-21 00:55:00
457013,IS280,L10.513R,Kun,114,2024-04-23 23:57:00
457313,IS280,L10.513R,Kun,168,2024-06-17 01:37:00
457913,IS280,L10.513R,Karl,275,2024-10-23 00:55:00
458213,IS280,L10.513R,Kamel,325,2024-11-21 00:01:00
456720,IS287,L10.521A,Kim,58,2024-02-28 01:14:00
457320,IS287,L10.521A,Kim,168,2024-06-17 01:45:00
458220,IS287,L10.521A,Kun,325,2024-11-20 23:24:00
456721,IS288,L10.522C,Kamel,58,2024-02-27 23:21:00
457021,IS288,L10.522C,Kun,114,2024-04-23 23:30:00
457321,IS288,L10.522C,Karen,168,2024-06-16 23:52:00
457921,IS288,L10.522C,Kim,275,2024-10-23 01:46:00
458221,IS288,L10.522C,Karen,325,2024-11-20 23:59:00
456722,IS289,L10.523D,Kun,58,2024-02-28 02:08:00
457022,IS289,L10.523D,Kim,114,2024-04-24 01:30:00
457322,IS289,L10.523D,Kim,168,2024-06-17 02:25:00
457922,IS289,L10.523D,Kamel,275,2024-10-23 01:41:00
458222,IS289,L10.523D,Kim,325,2024-11-20 23:49:00
456723,IS290,L10.524E,Kun,58,2024-02-27 23:35:00
457023,IS290,L10.524E,Kun,114,2024-04-24 01:00:00
457323,IS290,L10.524E,Kun,168,2024-06-16 23:21:00
457923,IS290,L10.524E,Kamel,275,2024-10-23 02:08:00
458223,IS290,L10.524E,Karl,325,2024-11-21 02:08:00
456724,IS291,L10.525F,Kun,58,2024-02-28 00:47:00
457024,IS291,L10.525F,Kun,114,2024-04-24 02:53:00
457324,IS291,L10.525F,Kun,168,2024-06-16 23:32:00
457924,IS291,L10.525F,Kamel,275,2024-10-23 00:57:00
458224,IS291,L10.525F,Kamel,325,2024-11-21 00:47:00
456725,IS292,L10.526G,Karen,58,2024-02-27 23:25:00
457025,IS292,L10.526G,Kamel,114,2024-04-23 23:39:00
457325,IS292,L10.526G,Karen,168,2024-06-16 23:51:00
457925,IS292,L10.526G,Kamel,275,2024-10-22 23:13:00
458225,IS292,L10.526G,Karl,325,2024-11-20 23:33:00
456726,IS293,L10.527H,Kamel,58,2024-02-28 00:19:00
457026,IS293,L10.527H,Karl,114,2024-04-24 01:53:00
457326,IS293,L10.527H,Kun,168,2024-06-17 00:47:00
457926,IS293,L10.527H,Kamel,275,2024-10-23 01:48:00
458226,IS293,L10.527H,Kun,325,2024-11-21 00:19:00
456727,IS294,L10.528J,Kim,58,2024-02-28 01:06:00
457027,IS294,L10.528J,Karen,114,2024-04-24 00:40:00
457327,IS294,L10.528J,Karl,168,2024-06-17 02:46:00
457927,IS294,L10.528J,Kim,275,2024-10-23 02:36:00
456728,IS295,L10.529K,Karen,58,2024-02-27 23:17:00
457028,IS295,L10.529K,Kun,114,2024-04-23 23:20:00
457328,IS295,L10.529K,Kun,168,2024-06-17 01:07:00
457928,IS295,L10.529K,Kamel,275,2024-10-23 00:31:00
458228,IS295,L10.529K,Kun,325,2024-11-21 02:26:00
456729,IS296,L10.531M,Kun,58,2024-02-27 23:32:00
457029,IS296,L10.531M,Kamel,114,2024-04-24 02:55:00
457329,IS296,L10.531M,Kim,168,2024-06-17 02:36:00
457929,IS296,L10.531M,Kun,275,2024-10-23 00:13:00
458229,IS296,L10.531M,Karl,325,2024-11-21 01:42:00
456704,IS271,L10.503E,Karen,45,2024-02-15 01:55:00
457004,IS271,L10.503E,Karen,108,2024-04-17 23:20:00
457304,IS271,L10.503E,Karl,155,2024-06-04 02:16:00
457604,IS271,L10.503E,Kim,210,2024-08-19 00:10:00
457904,IS271,L10.503E,Karl,268,2024-09-25 02:14:00
458204,IS271,L10.503E,Karl,324,2024-11-20 01:20:00
456705,IS272,L10.504F,Kun,45,2024-02-15 00:01:00
457005,IS272,L10.504F,Karl,108,2024-04-18 00:52:00
457305,IS272,L10.504F,Kamel,155,2024-06-04 02:28:00
457605,IS272,L10.504F,Karl,210,2024-08-19 00:28:00
457905,IS272,L10.504F,Kun,268,2024-09-24 23:11:00
458205,IS272,L10.504F,Karl,324,2024-11-20 00:45:00
456706,IS273,L10.505G,Kim,45,2024-02-15 02:53:00
457006,IS273,L10.505G,Kun,108,2024-04-18 00:39:00
457306,IS273,L10.505G,Karl,155,2024-06-03 23:38:00
457606,IS273,L10.505G,Karl,210,2024-08-18 23:13:00
457906,IS273,L10.505G,Kamel,268,2024-09-25 02:06:00
458206,IS273,L10.505G,Karen,324,2024-11-19 23:13:00
456707,IS274,L10.506H,Kim,45,2024-02-15 01:15:00
457007,IS274,L10.506H,Kamel,108,2024-04-18 01:33:00
457307,IS274,L10.506H,Karl,155,2024-06-03 23:54:00
457607,IS274,L10.506H,Kamel,210,2024-08-19 02:38:00
457907,IS274,L10.506H,Karl,268,2024-09-24 23:15:00
458207,IS274,L10.506H,Karl,324,2024-11-19 23:39:00
456708,IS275,L10.507J,Karen,45,2024-02-15 02:42:00
457008,IS275,L10.507J,Kim,108,2024-04-18 00:18:00
457308,IS275,L10.507J,Kim,155,2024-06-04 01:58:00
457608,IS275,L10.507J,Kun,210,2024-08-18 23:23:00
457908,IS275,L10.507J,Kim,268,2024-09-25 00:37:00
458208,IS275,L10.507J,Karl,324,2024-11-20 01:09:00
456714,IS281,L10.514S,Kun,45,2024-02-15 00:18:00
457014,IS281,L10.514S,Kim,108,2024-04-18 01:16:00
457314,IS281,L10.514S,Kim,155,2024-06-04 00:51:00
457614,IS281,L10.514S,Kim,210,2024-08-19 01:17:00
457914,IS281,L10.514S,Kim,268,2024-09-24 23:12:00
458214,IS281,L10.514S,Kim,324,2024-11-20 01:09:00
456715,IS282,L10.515T,Karl,45,2024-02-14 23:46:00
457015,IS282,L10.515T,Kim,108,2024-04-18 00:29:00
457315,IS282,L10.515T,Kim,155,2024-06-04 02:29:00
457615,IS282,L10.515T,Kamel,210,2024-08-18 23:36:00
458215,IS282,L10.515T,Kamel,324,2024-11-20 02:48:00
456716,IS283,L10.516U,Karen,45,2024-02-15 00:59:00
457016,IS283,L10.516U,Kun,108,2024-04-17 23:47:00
457316,IS283,L10.516U,Kun,155,2024-06-04 00:40:00
457616,IS283,L10.516U,Kamel,210,2024-08-19 01:50:00
457916,IS283,L10.516U,Kun,268,2024-09-25 02:01:00
458216,IS283,L10.516U,Kamel,324,2024-11-20 01:12:00
456717,IS284,L10.517V,Kamel,45,2024-02-15 01:52:00
457017,IS284,L10.517V,Kim,108,2024-04-18 00:29:00
457317,IS284,L10.517V,Kun,155,2024-06-04 00:45:00
457617,IS284,L10.517V,Karl,210,2024-08-19 00:22:00
457917,IS284,L10.517V,Karl,268,2024-09-25 01:34:00
458217,IS284,L10.517V,Kim,324,2024-11-20 00:52:00
456718,IS285,L10.518W,Karl,45,2024-02-15 01:43:00
457018,IS285,L10.518W,Karen,108,2024-04-18 00:31:00
457318,IS285,L10.518W,Kim,155,2024-06-04 01:42:00
457618,IS285,L10.518W,Kamel,210,2024-08-19 01:58:00
457918,IS285,L10.518W,Kamel,268,2024-09-25 01:15:00
458218,IS285,L10.518W,Kim,324,2024-11-20 02:15:00
456719,IS286,L10.519X,Kim,45,2024-02-15 01:49:00
457019,IS286,L10.519X,Karl,108,2024-04-18 01:37:00
457319,IS286,L10.519X,Kim,155,2024-06-04 01:24:00
457619,IS286,L10.519X,Karen,210,2024-08-18 23:06:00
458219,IS286,L10.519X,Karl,324,2024-11-20 00:26:00
456794,IS361,L10.573M,Kim,43,2024-02-13 01:45:00
457094,IS361,L10.573M,Karl,112,2024-05-13 00:40:00
457394,IS361,L10.573M,Kun,147,2024-06-17 02:34:00
457694,IS361,L10.573M,Karl,218,2024-08-05 23:35:00
457994,IS361,L10.573M,Kamel,283,2024-10-09 23:04:00
458294,IS361,L10.573M,Kamel,337,2024-12-03 01:02:00
456795,IS362,L10.574N,Kun,43,2024-02-12 23:21:00
457095,IS362,L10.574N,Kun,112,2024-05-13 02:00:00
457395,IS362,L10.574N,Karl,147,2024-06-16 23:54:00
457695,IS362,L10.574N,Kun,218,2024-08-06 00:45:00
457995,IS362,L10.574N,Kim,283,2024-10-10 00:39:00
458295,IS362,L10.574N,Karl,337,2024-12-03 00:20:00
456796,IS363,L10.575P,Kun,43,2024-02-13 01:54:00
457396,IS363,L10.575P,Karen,147,2024-06-17 00:56:00
457696,IS363,L10.575P,Kamel,218,2024-08-05 23:15:00
457996,IS363,L10.575P,Kim,283,2024-10-10 01:22:00
458296,IS363,L10.575P,Kim,337,2024-12-03 00:44:00
456797,IS364,L10.576R,Kun,43,2024-02-13 02:36:00
457097,IS364,L10.576R,Karen,112,2024-05-13 02:20:00
457397,IS364,L10.576R,Karl,147,2024-06-17 02:52:00
457697,IS364,L10.576R,Karl,218,2024-08-06 02:34:00
457997,IS364,L10.576R,Kun,283,2024-10-10 00:54:00
458297,IS364,L10.576R,Karen,337,2024-12-03 02:37:00
456798,IS365,L10.577S,Kun,43,2024-02-12 23:06:00
457098,IS365,L10.577S,Kim,112,2024-05-13 00:36:00
457398,IS365,L10.577S,Karl,147,2024-06-17 01:53:00
457698,IS365,L10.577S,Kim,218,2024-08-06 01:29:00
457998,IS365,L10.577S,Kamel,283,2024-10-09 23:26:00
458298,IS365,L10.577S,Karen,337,2024-12-03 01:58:00
456799,IS366,L10.578T,Karl,43,2024-02-13 00:20:00
457099,IS366,L10.578T,Kamel,112,2024-05-13 01:17:00
457399,IS366,L10.578T,Karl,147,2024-06-17 02:13:00
457699,IS366,L10.578T,Kun,218,2024-08-06 01:31:00
457999,IS366,L10.578T,Karl,283,2024-10-10 02:27:00
458299,IS366,L10.578T,Karl,337,2024-12-02 23:04:00
457100,IS367,L10.579U,Kun,112,2024-05-13 02:36:00
457400,IS367,L10.579U,Kamel,147,2024-06-17 01:56:00
457700,IS367,L10.579U,Karen,218,2024-08-06 01:54:00
458000,IS367,L10.579U,Kim,283,2024-10-09 23:11:00
458300,IS367,L10.579U,Karl,337,2024-12-02 23:46:00
456801,IS368,L10.581W,Kun,43,2024-02-12 23:24:00
457101,IS368,L10.581W,Karl,112,2024-05-13 01:39:00
457401,IS368,L10.581W,Kamel,147,2024-06-17 00:12:00
457701,IS368,L10.581W,Karen,218,2024-08-06 01:57:00
458001,IS368,L10.581W,Kamel,283,2024-10-09 23:09:00
458301,IS368,L10.581W,Karl,337,2024-12-03 00:46:00
456802,IS369,L10.582X,Kim,43,2024-02-13 00:43:00
457102,IS369,L10.582X,Kim,112,2024-05-13 02:53:00
457402,IS369,L10.582X,Karen,147,2024-06-17 00:35:00
457702,IS369,L10.582X,Karen,218,2024-08-05 23:48:00
458002,IS369,L10.582X,Karen,283,2024-10-10 01:53:00
458302,IS369,L10.582X,Karl,337,2024-12-03 00:31:00
456803,IS370,L10.583Y,Karen,43,2024-02-13 02:27:00
457103,IS370,L10.583Y,Kim,112,2024-05-12 23:54:00
457403,IS370,L10.583Y,Kun,147,2024-06-17 00:57:00
457703,IS370,L10.583Y,Karl,218,2024-08-05 23:58:00
458003,IS370,L10.583Y,Kim,283,2024-10-09 23:02:00
458303,IS370,L10.583Y,Karen,337,2024-12-02 23:14:00
456784,IS351,L10.562Y,Kamel,58,2024-02-28 00:59:00
457084,IS351,L10.562Y,Karl,113,2024-04-22 23:18:00
457384,IS351,L10.562Y,Kim,171,2024-06-20 00:41:00
457684,IS351,L10.562Y,Kun,227,2024-08-15 01:18:00
458284,IS351,L10.562Y,Kamel,329,2024-11-25 02:25:00
456785,IS352,L10.563A,Kamel,58,2024-02-28 01:51:00
457085,IS352,L10.563A,Kun,113,2024-04-23 02:22:00
457385,IS352,L10.563A,Karl,171,2024-06-20 02:05:00
457685,IS352,L10.563A,Kun,227,2024-08-15 02:23:00
458285,IS352,L10.563A,Kamel,329,2024-11-25 00:10:00
456786,IS353,L10.564C,Kamel,58,2024-02-28 02:39:00
457086,IS353,L10.564C,Kamel,113,2024-04-23 00:50:00
457386,IS353,L10.564C,Kamel,171,2024-06-20 01:01:00
457686,IS353,L10.564C,Karen,227,2024-08-14 23:29:00
458286,IS353,L10.564C,Karen,329,2024-11-24 23:07:00
456787,IS354,L10.565D,Karen,58,2024-02-27 23:05:00
457087,IS354,L10.565D,Kun,113,2024-04-23 00:23:00
457387,IS354,L10.565D,Kun,171,2024-06-20 02:10:00
458287,IS354,L10.565D,Kun,329,2024-11-25 02:47:00
456788,IS355,L10.566E,Kamel,58,2024-02-28 00:44:00
457088,IS355,L10.566E,Kamel,113,2024-04-23 02:55:00
457388,IS355,L10.566E,Kim,171,2024-06-20 01:02:00
457688,IS355,L10.566E,Karen,227,2024-08-15 02:29:00
458288,IS355,L10.566E,Karl,329,2024-11-25 01:12:00
456789,IS356,L10.567F,Karl,58,2024-02-27 23:29:00
457089,IS356,L10.567F,Kim,113,2024-04-23 00:15:00
457389,IS356,L10.567F,Kamel,171,2024-06-20 02:14:00
457689,IS356,L10.567F,Kun,227,2024-08-15 02:54:00
458289,IS356,L10.567F,Kim,329,2024-11-25 02:55:00
456790,IS357,L10.568G,Kim,58,2024-02-28 00:30:00
457090,IS357,L10.568G,Karl,113,2024-04-23 00:05:00
457390,IS357,L10.568G,Kim,171,2024-06-20 02:25:00
457690,IS357,L10.568G,Kim,227,2024-08-14 23:24:00
456791,IS358,L10.569H,Kamel,58,2024-02-28 02:38:00
457091,IS358,L10.569H,Kun,113,2024-04-22 23:19:00
457391,IS358,L10.569H,Kun,171,2024-06-20 02:33:00
457691,IS358,L10.569H,Karen,227,2024-08-15 01:08:00
458291,IS358,L10.569H,Kun,329,2024-11-25 02:59:00
456792,IS359,L10.571K,Kun,58,2024-02-28 00:42:00
457092,IS359,L10.571K,Karen,113,2024-04-23 01:40:00
457392,IS359,L10.571K,Kun,171,2024-06-20 01:11:00
457692,IS359,L10.571K,Kun,227,2024-08-15 01:19:00
458292,IS359,L10.571K,Karen,329,2024-11-24 23:31:00
456793,IS360,L10.572L,Kamel,58,2024-02-27 23:35:00
457093,IS360,L10.572L,Kim,113,2024-04-23 00:10:00
457393,IS360,L10.572L,Karen,171,2024-06-20 00:21:00
457693,IS360,L10.572L,Karl,227,2024-08-15 01:33:00
458293,IS360,L10.572L,Kamel,329,2024-11-25 00:38:00
456921,IS122,L10.389T,Kim,105,2024-04-15 00:05:00
457521,IS122,L10.389T,Karl,225,2024-08-13 01:28:00
457821,IS122,L10.389T,Karl,273,2024-09-30 02:33:00
458121,IS122,L10.389T,Karl,323,2024-11-18 23:37:00
456622,IS123,L10.391V,Karen,57,2024-02-26 23:02:00
456922,IS123,L10.391V,Kamel,105,2024-04-15 00:29:00
457522,IS123,L10.391V,Kim,225,2024-08-13 00:14:00
457822,IS123,L10.391V,Kamel,273,2024-09-30 00:48:00
458122,IS123,L10.391V,Kamel,323,2024-11-19 02:00:00
456623,IS124,L10.392W,Karen,57,2024-02-27 00:07:00
456923,IS124,L10.392W,Kamel,105,2024-04-14 23:39:00
457523,IS124,L10.392W,Karl,225,2024-08-13 02:36:00
457823,IS124,L10.392W,Kamel,273,2024-09-29 23:09:00
458123,IS124,L10.392W,Karen,323,2024-11-19 00:25:00
456624,IS125,L10.393X,Kun,57,2024-02-27 01:40:00
457524,IS125,L10.393X,Karen,225,2024-08-13 00:17:00
457824,IS125,L10.393X,Kamel,273,2024-09-29 23:20:00
458124,IS125,L10.393X,Kim,323,2024-11-19 00:47:00
456625,IS126,L10.394Y,Kamel,57,2024-02-27 02:02:00
456925,IS126,L10.394Y,Kim,105,2024-04-15 00:30:00
457525,IS126,L10.394Y,Kamel,225,2024-08-13 02:48:00
457825,IS126,L10.394Y,Kim,273,2024-09-30 00:27:00
458125,IS126,L10.394Y,Kamel,323,2024-11-19 01:17:00
456663,IS179,L10.438C,Karen,57,2024-02-26 23:02:00
456963,IS179,L10.438C,Kamel,105,2024-04-15 01:09:00
457563,IS179,L10.438C,Kun,225,2024-08-13 01:22:00
457863,IS179,L10.438C,Karl,273,2024-09-29 23:39:00
458163,IS179,L10.438C,Kun,323,2024-11-19 00:02:00
456664,IS180,L10.439D,Karl,57,2024-02-26 23:34:00
457564,IS180,L10.439D,Kim,225,2024-08-13 00:12:00
457864,IS180,L10.439D,Karen,273,2024-09-30 00:15:00
458164,IS180,L10.439D,Karen,323,2024-11-19 00:44:00
456665,IS181,L10.441F,Karl,57,2024-02-27 02:17:00
456965,IS181,L10.441F,Kun,105,2024-04-15 00:27:00
457565,IS181,L10.441F,Karl,225,2024-08-12 23:13:00
457865,IS181,L10.441F,Kim,273,2024-09-30 01:55:00
458165,IS181,L10.441F,Kamel,323,2024-11-18 23:35:00
456666,IS182,L10.442G,Kim,57,2024-02-26 23:57:00
456966,IS182,L10.442G,Kim,105,2024-04-15 01:48:00
457566,IS182,L10.442G,Karen,225,2024-08-13 01:45:00
457866,IS182,L10.442G,Kun,273,2024-09-29 23:17:00
458166,IS182,L10.442G,Kim,323,2024-11-18 23:14:00
456667,IS183,L10.443H,Kun,57,2024-02-27 02:35:00
456967,IS183,L10.443H,Kamel,105,2024-04-15 02:56:00
457567,IS183,L10.443H,Kamel,225,2024-08-13 02:23:00
457867,IS183,L10.443H,Kun,273,2024-09-29 23:06:00
458167,IS183,L10.443H,Kim,323,2024-11-18 23:51:00
456668,IS184,L10.444J,Kun,57,2024-02-27 01:04:00
456968,IS184,L10.444J,Kun,105,2024-04-15 00:47:00
457568,IS184,L10.444J,Karen,225,2024-08-12 23:32:00
457868,IS184,L10.444J,Karen,273,2024-09-30 02:41:00
458168,IS184,L10.444J,Kun,323,2024-11-19 02:24:00
456619,IS120,L10.387R,Karen,45,2024-02-15 02:20:00
456919,IS120,L10.387R,Karen,105,2024-04-14 23:19:00
457819,IS120,L10.387R,Karl,275,2024-10-02 02:12:00
456655,IS171,L10.429R,Karen,45,2024-02-15 02:05:00
456955,IS171,L10.429R,Kim,105,2024-04-15 01:28:00
457555,IS171,L10.429R,Kun,224,2024-08-12 00:42:00
457855,IS171,L10.429R,Kamel,275,2024-10-01 23:48:00
456656,IS172,L10.431T,Kamel,45,2024-02-14 23:01:00
456956,IS172,L10.431T,Karen,105,2024-04-15 01:38:00
457556,IS172,L10.431T,Kun,224,2024-08-12 02:06:00
457856,IS172,L10.431T,Karl,275,2024-10-02 01:10:00
456657,IS173,L10.432U,Karl,45,2024-02-15 02:18:00
456957,IS173,L10.432U,Kim,105,2024-04-15 01:17:00
457557,IS173,L10.432U,Kun,224,2024-08-12 01:44:00
457857,IS173,L10.432U,Kim,275,2024-10-02 01:31:00
456658,IS174,L10.433V,Kamel,45,2024-02-14 23:08:00
456958,IS174,L10.433V,Kim,105,2024-04-14 23:39:00
457558,IS174,L10.433V,Kun,224,2024-08-12 02:34:00
457858,IS174,L10.433V,Kun,275,2024-10-02 01:38:00
456659,IS175,L10.434W,Kim,45,2024-02-15 02:12:00
456959,IS175,L10.434W,Karen,105,2024-04-14 23:03:00
457559,IS175,L10.434W,Karen,224,2024-08-11 23:13:00
457859,IS175,L10.434W,Karen,275,2024-10-01 23:31:00
456662,IS178,L10.437A,Karl,45,2024-02-15 01:20:00
456962,IS178,L10.437A,Kim,105,2024-04-15 01:15:00
457562,IS178,L10.437A,Kamel,224,2024-08-12 00:36:00
456695,IS261,L10.493S,Kun,36,2024-02-06 01:41:00
456995,IS261,L10.493S,Karl,93,2024-04-03 00:41:00
457295,IS261,L10.493S,Karen,155,2024-06-04 00:06:00
457595,IS261,L10.493S,Kim,227,2024-09-05 00:40:00
457895,IS261,L10.493S,Kun,276,2024-10-24 00:40:00
458195,IS261,L10.493S,Kim,315,2024-11-11 01:44:00
456696,IS262,L10.494T,Kim,36,2024-02-06 00:06:00
456996,IS262,L10.494T,Karl,93,2024-04-02 23:10:00
457296,IS262,L10.494T,Kamel,155,2024-06-03 23:02:00
457596,IS262,L10.494T,Kamel,227,2024-09-04 23:53:00
457896,IS262,L10.494T,Kun,276,2024-10-24 01:01:00
458196,IS262,L10.494T,Kun,315,2024-11-11 00:34:00
456697,IS263,L10.495U,Karen,36,2024-02-05 23:15:00
456997,IS263,L10.495U,Kun,93,2024-04-03 02:00:00
457297,IS263,L10.495U,Karl,155,2024-06-04 02:30:00
457597,IS263,L10.495U,Kamel,227,2024-09-05 00:07:00
457897,IS263,L10.495U,Karl,276,2024-10-24 02:09:00
458197,IS263,L10.495U,Karl,315,2024-11-11 00:26:00
456998,IS264,L10.496V,Kun,93,2024-04-03 01:44:00
457298,IS264,L10.496V,Kun,155,2024-06-04 01:56:00
457598,IS264,L10.496V,Kamel,227,2024-09-05 00:35:00
457898,IS264,L10.496V,Karen,276,2024-10-24 02:12:00
458198,IS264,L10.496V,Kamel,315,2024-11-11 01:40:00
456699,IS265,L10.497W,Kamel,36,2024-02-06 01:15:00
456999,IS265,L10.497W,Kim,93,2024-04-02 23:12:00
457299,IS265,L10.497W,Kim,155,2024-06-04 01:37:00
457599,IS265,L10.497W,Kim,227,2024-09-04 23:25:00
457899,IS265,L10.497W,Kim,276,2024-10-24 00:22:00
458199,IS265,L10.497W,Kim,315,2024-11-11 02:51:00
456700,IS266,L10.498X,Karen,36,2024-02-05 23:03:00
457000,IS266,L10.498X,Kim,93,2024-04-03 01:03:00
457300,IS266,L10.498X,Kim,155,2024-06-04 01:19:00
457600,IS266,L10.498X,Karl,227,2024-09-05 00:27:00
457900,IS266,L10.498X,Kim,276,2024-10-23 23:50:00
458200,IS266,L10.498X,Kamel,315,2024-11-11 00:50:00
456701,IS267,L10.499Y,Kamel,36,2024-02-06 01:16:00
457001,IS267,L10.499Y,Karen,93,2024-04-03 00:45:00
457301,IS267,L10.499Y,Karen,155,2024-06-04 02:29:00
457601,IS267,L10.499Y,Karl,227,2024-09-05 01:25:00
457901,IS267,L10.499Y,Karl,276,2024-10-24 00:51:00
458201,IS267,L10.499Y,Karen,315,2024-11-11 02:14:00
456702,IS268,L10.501C,Kamel,36,2024-02-06 01:11:00
457002,IS268,L10.501C,Kun,93,2024-04-02 23:22:00
457302,IS268,L10.501C,Karen,155,2024-06-04 02:00:00
457602,IS268,L10.501C,Kun,227,2024-09-05 02:43:00
457902,IS268,L10.501C,Kamel,276,2024-10-24 01:41:00
458202,IS268,L10.501C,Karl,315,2024-11-10 23:09:00
456703,IS269,L10.502D,Karen,36,2024-02-05 23:10:00
457003,IS269,L10.502D,Karl,93,2024-04-02 23:27:00
457303,IS269,L10.502D,Kim,155,2024-06-04 02:07:00
457603,IS269,L10.502D,Kim,227,2024-09-05 00:56:00
457903,IS269,L10.502D,Kamel,276,2024-10-24 02:51:00
458203,IS269,L10.502D,Karen,315,2024-11-11 00:54:00
456685,IS251,L10.482E,Karl,43,2024-02-13 01:11:00
456985,IS251,L10.482E,Kim,101,2024-04-11 02:37:00
457285,IS251,L10.482E,Karl,164,2024-06-13 00:07:00
457585,IS251,L10.482E,Karl,219,2024-08-07 00:31:00
457885,IS251,L10.482E,Kun,274,2024-10-01 00:51:00
456986,IS252,L10.483F,Kim,101,2024-04-10 23:18:00
457286,IS252,L10.483F,Karen,164,2024-06-13 01:46:00
457886,IS252,L10.483F,Karen,274,2024-10-01 02:38:00
456687,IS253,L10.484G,Kim,43,2024-02-13 00:55:00
456987,IS253,L10.484G,Karen,101,2024-04-11 00:24:00
457287,IS253,L10.484G,Kamel,164,2024-06-13 01:33:00
457587,IS253,L10.484G,Karl,219,2024-08-07 00:31:00
456688,IS254,L10.485H,Kun,43,2024-02-13 02:08:00
456988,IS254,L10.485H,Kamel,101,2024-04-11 01:02:00
457288,IS254,L10.485H,Kamel,164,2024-06-13 02:11:00
457588,IS254,L10.485H,Kamel,219,2024-08-07 01:13:00
457888,IS254,L10.485H,Karen,274,2024-09-30 23:33:00
456689,IS255,L10.486J,Karen,43,2024-02-12 23:16:00
457289,IS255,L10.486J,Karen,164,2024-06-13 02:30:00
457589,IS255,L10.486J,Karl,219,2024-08-06 23:49:00
457889,IS255,L10.486J,Kim,274,2024-09-30 23:10:00
456690,IS256,L10.487K,Karl,43,2024-02-13 02:58:00
456990,IS256,L10.487K,Kun,101,2024-04-11 00:05:00
457290,IS256,L10.487K,Karen,164,2024-06-13 01:04:00
457590,IS256,L10.487K,Karl,219,2024-08-07 00:58:00
457890,IS256,L10.487K,Kun,274,2024-10-01 02:23:00
456691,IS257,L10.488L,Karl,43,2024-02-13 02:18:00
456991,IS257,L10.488L,Kim,101,2024-04-11 02:30:00
457291,IS257,L10.488L,Karen,164,2024-06-13 02:07:00
457591,IS257,L10.488L,Kun,219,2024-08-07 02:09:00
457891,IS257,L10.488L,Kim,274,2024-10-01 02:56:00
456692,IS258,L10.489M,Karen,43,2024-02-13 00:45:00
456992,IS258,L10.489M,Kim,101,2024-04-11 02:59:00
457292,IS258,L10.489M,Karl,164,2024-06-13 00:52:00
457592,IS258,L10.489M,Kun,219,2024-08-07 00:00:00
457892,IS258,L10.489M,Karl,274,2024-10-01 01:57:00
456693,IS259,L10.491P,Karl,43,2024-02-13 02:00:00
456993,IS259,L10.491P,Kun,101,2024-04-10 23:19:00
457293,IS259,L10.491P,Karen,164,2024-06-12 23:25:00
457593,IS259,L10.491P,Kun,219,2024-08-07 00:23:00
457893,IS259,L10.491P,Kamel,274,2024-09-30 23:47:00
456694,IS260,L10.492R,Kun,43,2024-02-12 23:17:00
456994,IS260,L10.492R,Kun,101,2024-04-11 02:44:00
457594,IS260,L10.492R,Karen,219,2024-08-07 00:48:00
457894,IS260,L10.492R,Karen,274,2024-09-30 23:43:00
456835,IS481,L10.654J,Karen,43,2024-02-13 02:09:00
457135,IS481,L10.654J,Karen,108,2024-04-18 02:42:00
457435,IS481,L10.654J,Karen,168,2024-06-17 01:16:00
457735,IS481,L10.654J,Karen,225,2024-08-13 01:42:00
458035,IS481,L10.654J,Kamel,267,2024-10-15 01:22:00
458335,IS481,L10.654J,Kamel,330,2024-11-26 00:43:00
456836,IS482,L10.655K,Kim,43,2024-02-13 00:41:00
457136,IS482,L10.655K,Kamel,108,2024-04-18 00:00:00
457436,IS482,L10.655K,Kamel,168,2024-06-17 00:20:00
457736,IS482,L10.655K,Karl,225,2024-08-13 00:09:00
458036,IS482,L10.655K,Karl,267,2024-10-15 00:23:00
458336,IS482,L10.655K,Kamel,330,2024-11-26 00:32:00
457144,IS338,L10.553N,Kim,99,2024-04-09 01:50:00
457744,IS338,L10.553N,Kun,225,2024-08-13 02:03:00
458044,IS338,L10.553N,Kun,283,2024-10-09 23:57:00
458344,IS338,L10.553N,Kun,325,2024-11-21 00:27:00
457145,IS339,L10.554P,Kun,99,2024-04-09 00:30:00
457745,IS339,L10.554P,Karen,225,2024-08-13 00:42:00
458045,IS339,L10.554P,Kim,283,2024-10-10 02:30:00
458345,IS339,L10.554P,Karen,325,2024-11-21 01:36:00
457746,IS340,L10.555R,Kamel,225,2024-08-13 02:11:00
458046,IS340,L10.555R,Kun,283,2024-10-10 01:49:00
458346,IS340,L10.555R,Kun,325,2024-11-21 01:11:00
457747,IS341,L10.556S,Karl,225,2024-08-12 23:28:00
458047,IS341,L10.556S,Karl,283,2024-10-10 01:41:00
458347,IS341,L10.556S,Karl,325,2024-11-21 02:33:00
457148,IS342,L10.557T,Karl,99,2024-04-09 00:39:00
457748,IS342,L10.557T,Kim,225,2024-08-13 00:10:00
458048,IS342,L10.557T,Kun,283,2024-10-10 00:38:00
458348,IS342,L10.557T,Karen,325,2024-11-21 00:20:00
457149,IS343,L10.558U,Kun,99,2024-04-09 00:14:00
458049,IS343,L10.558U,Kun,283,2024-10-09 23:27:00
458349,IS343,L10.558U,Kim,325,2024-11-20 23:41:00
457150,IS344,L10.559V,Kamel,99,2024-04-09 02:59:00
457750,IS344,L10.559V,Kun,225,2024-08-12 23:48:00
458050,IS344,L10.559V,Kamel,283,2024-10-10 00:58:00
458350,IS344,L10.559V,Kun,325,2024-11-21 00:04:00
457151,IS345,L10.561X,Kim,99,2024-04-09 00:55:00
457751,IS345,L10.561X,Karl,225,2024-08-13 01:33:00
458051,IS345,L10.561X,Kun,283,2024-10-10 02:05:00
458351,IS345,L10.561X,Karen,325,2024-11-21 01:56:00
457137,IS331,L10.545E,Kamel,115,2024-04-25 01:01:00
457437,IS331,L10.545E,Karl,156,2024-06-05 00:24:00
458037,IS331,L10.545E,Kamel,280,2024-10-07 01:54:00
458337,IS331,L10.545E,Karl,338,2024-12-04 00:05:00
456838,IS332,L10.546F,Karl,35,2024-02-04 23:39:00
457138,IS332,L10.546F,Kim,115,2024-04-25 00:24:00
457438,IS332,L10.546F,Kun,156,2024-06-05 02:08:00
458038,IS332,L10.546F,Kim,280,2024-10-06 23:23:00
458338,IS332,L10.546F,Kim,338,2024-12-03 23:40:00
456839,IS333,L10.547G,Kamel,35,2024-02-05 02:44:00
457139,IS333,L10.547G,Kamel,115,2024-04-25 00:20:00
457439,IS333,L10.547G,Kun,156,2024-06-04 23:02:00
458039,IS333,L10.547G,Kamel,280,2024-10-06 23:18:00
458339,IS333,L10.547G,Kun,338,2024-12-04 01:52:00
456840,IS334,L10.548H,Kamel,35,2024-02-04 23:28:00
457140,IS334,L10.548H,Kun,115,2024-04-25 01:12:00
457440,IS334,L10.548H,Kamel,156,2024-06-05 00:34:00
458340,IS334,L10.548H,Kim,338,2024-12-04 02:43:00
456841,IS335,L10.549J,Karen,35,2024-02-05 01:01:00
457141,IS335,L10.549J,Karen,115,2024-04-25 00:52:00
457441,IS335,L10.549J,Karl,156,2024-06-05 00:07:00
458041,IS335,L10.549J,Karl,280,2024-10-07 02:37:00
458341,IS335,L10.549J,Karl,338,2024-12-04 00:36:00
456842,IS336,L10.551L,Karl,35,2024-02-05 00:07:00
457142,IS336,L10.551L,Karen,115,2024-04-25 01:55:00
457442,IS336,L10.551L,Kamel,156,2024-06-04 23:08:00
458042,IS336,L10.551L,Karl,280,2024-10-06 23:52:00
458342,IS336,L10.551L,Karl,338,2024-12-04 00:33:00
456843,IS337,L10.552M,Karl,35,2024-02-05 02:45:00
457443,IS337,L10.552M,Karl,156,2024-06-05 01:42:00
458043,IS337,L10.552M,Kamel,280,2024-10-07 02:56:00
458343,IS337,L10.552M,Kun,338,2024-12-03 23:33:00
456671,IS511,L10.671E,Karen,35,2024-02-05 01:03:00
456971,IS511,L10.671E,Kim,101,2024-04-11 02:07:00
457271,IS511,L10.671E,Kim,155,2024-06-04 01:49:00
457571,IS511,L10.671E,Kamel,226,2024-08-14 02:45:00
457871,IS511,L10.671E,Kun,280,2024-10-07 00:08:00
456672,IS512,L10.672F,Kun,35,2024-02-04 23:19:00
456972,IS512,L10.672F,Kim,101,2024-04-10 23:47:00
457272,IS512,L10.672F,Kamel,155,2024-06-04 00:09:00
457572,IS512,L10.672F,Kun,226,2024-08-14 01:10:00
457872,IS512,L10.672F,Kim,280,2024-10-06 23:51:00
456673,IS513,L10.673G,Karl,35,2024-02-05 00:34:00
456973,IS513,L10.673G,Karen,101,2024-04-11 01:36:00
457273,IS513,L10.673G,Kamel,155,2024-06-04 02:05:00
457573,IS513,L10.673G,Karl,226,2024-08-14 02:00:00
457873,IS513,L10.673G,Kun,280,2024-10-07 01:43:00
456674,IS514,L10.674H,Karen,35,2024-02-05 02:10:00
456974,IS514,L10.674H,Karen,101,2024-04-11 02:36:00
457274,IS514,L10.674H,Kim,155,2024-06-03 23:26:00
457574,IS514,L10.674H,Kun,226,2024-08-14 02:09:00
457874,IS514,L10.674H,Karen,280,2024-10-07 00:55:00
456675,IS515,L10.675J,Kun,35,2024-02-05 01:49:00
456975,IS515,L10.675J,Kamel,101,2024-04-10 23:15:00
457275,IS515,L10.675J,Kun,155,2024-06-04 00:39:00
457575,IS515,L10.675J,Karl,226,2024-08-14 02:59:00
457875,IS515,L10.675J,Karl,280,2024-10-07 02:05:00
456676,IS516,L10.676K,Kun,35,2024-02-05 01:11:00
456976,IS516,L10.676K,Kim,101,2024-04-11 01:36:00
457276,IS516,L10.676K,Kun,155,2024-06-03 23:39:00
457576,IS516,L10.676K,Kamel,226,2024-08-14 00:21:00
457876,IS516,L10.676K,Karen,280,2024-10-07 00:22:00
456804,IS471,L10.647A,Kamel,37,2024-02-07 00:01:00
457104,IS471,L10.647A,Kun,108,2024-04-17 23:14:00
457404,IS471,L10.647A,Kun,171,2024-06-20 01:12:00
457704,IS471,L10.647A,Karen,217,2024-08-05 00:02:00
458004,IS471,L10.647A,Kim,259,2024-09-15 23:00:00
458304,IS471,L10.647A,Karl,336,2024-12-02 01:38:00
456805,IS472,L10.648C,Karl,37,2024-02-07 00:10:00
457105,IS472,L10.648C,Karen,108,2024-04-17 23:01:00
457405,IS472,L10.648C,Kamel,171,2024-06-19 23:00:00
457705,IS472,L10.648C,Kim,217,2024-08-05 01:58:00
458005,IS472,L10.648C,Kamel,259,2024-09-15 23:37:00
458305,IS472,L10.648C,Karen,336,2024-12-02 02:33:00
456806,IS473,L10.649D,Kim,37,2024-02-07 00:58:00
457106,IS473,L10.649D,Karen,108,2024-04-18 01:38:00
457406,IS473,L10.649D,Karen,171,2024-06-20 01:57:00
457706,IS473,L10.649D,Kun,217,2024-08-04 23:17:00
458306,IS473,L10.649D,Kim,336,2024-12-02 00:02:00
456807,IS474,L10.651F,Karl,37,2024-02-06 23:26:00
457107,IS474,L10.651F,Karen,108,2024-04-18 01:26:00
457407,IS474,L10.651F,Kun,171,2024-06-20 01:27:00
457707,IS474,L10.651F,Kun,217,2024-08-05 02:08:00
458007,IS474,L10.651F,Karl,259,2024-09-16 00:09:00
458307,IS474,L10.651F,Kun,336,2024-12-01 23:36:00
456808,IS475,L10.652G,Karl,37,2024-02-07 02:13:00
457108,IS475,L10.652G,Karen,108,2024-04-18 00:51:00
457408,IS475,L10.652G,Kamel,171,2024-06-20 01:58:00
458008,IS475,L10.652G,Karl,259,2024-09-15 23:50:00
458308,IS475,L10.652G,Kim,336,2024-12-01 23:18:00
456809,IS476,L10.653H,Kun,37,2024-02-07 00:56:00
457109,IS476,L10.653H,Kamel,108,2024-04-18 02:35:00
457409,IS476,L10.653H,Kamel,171,2024-06-20 01:05:00
457709,IS476,L10.653H,Kamel,217,2024-08-05 01:53:00
458009,IS476,L10.653H,Karl,259,2024-09-16 02:45:00
458309,IS476,L10.653H,Kun,336,2024-12-02 00:40:00
